psgc_code,name,submun,city,province
130000000,NATIONAL CAPITAL REGION (NCR),,,
133900000,CITY OF MANILA,,,Metro Manila
133901000,TONDO,,Manila,Metro Manila
133901001,Barangay 1,Tondo,Manila,Metro Manila
133901002,Barangay 2,Tondo,Manila,Metro Manila
133901003,Barangay 3,Tondo,Manila,Metro Manila
133901004,Barangay 4,Tondo,Manila,Metro Manila
133901005,Barangay 5,Tondo,Manila,Metro Manila
133901006,Barangay 6,Tondo,Manila,Metro Manila
133901007,Barangay 7,Tondo,Manila,Metro Manila
133901008,Barangay 8,Tondo,Manila,Metro Manila
133901009,Barangay 9,Tondo,Manila,Metro Manila
133901010,Barangay 10,Tondo,Manila,Metro Manila
133901011,Barangay 11,Tondo,Manila,Metro Manila
133901012,Barangay 12,Tondo,Manila,Metro Manila
133901013,Barangay 13,Tondo,Manila,Metro Manila
133901014,Barangay 14,Tondo,Manila,Metro Manila
133901015,Barangay 15,Tondo,Manila,Metro Manila
133901016,Barangay 16,Tondo,Manila,Metro Manila
133901017,Barangay 17,Tondo,Manila,Metro Manila
133901018,Barangay 18,Tondo,Manila,Metro Manila
133901019,Barangay 19,Tondo,Manila,Metro Manila
133901020,Barangay 20,Tondo,Manila,Metro Manila
133901025,Barangay 25,Tondo,Manila,Metro Manila
133901026,Barangay 26,Tondo,Manila,Metro Manila
133901028,Barangay 28,Tondo,Manila,Metro Manila
133901029,Barangay 29,Tondo,Manila,Metro Manila
133901030,Barangay 30,Tondo,Manila,Metro Manila
133901031,Barangay 31,Tondo,Manila,Metro Manila
133901032,Barangay 32,Tondo,Manila,Metro Manila
133901033,Barangay 33,Tondo,Manila,Metro Manila
133901034,Barangay 34,Tondo,Manila,Metro Manila
133901035,Barangay 35,Tondo,Manila,Metro Manila
133901036,Barangay 36,Tondo,Manila,Metro Manila
133901037,Barangay 37,Tondo,Manila,Metro Manila
133901038,Barangay 38,Tondo,Manila,Metro Manila
133901039,Barangay 39,Tondo,Manila,Metro Manila
133901041,Barangay 41,Tondo,Manila,Metro Manila
133901042,Barangay 42,Tondo,Manila,Metro Manila
133901043,Barangay 43,Tondo,Manila,Metro Manila
133901044,Barangay 44,Tondo,Manila,Metro Manila
133901045,Barangay 45,Tondo,Manila,Metro Manila
133901046,Barangay 46,Tondo,Manila,Metro Manila
133901047,Barangay 47,Tondo,Manila,Metro Manila
133901048,Barangay 48,Tondo,Manila,Metro Manila
133901049,Barangay 49,Tondo,Manila,Metro Manila
133901050,Barangay 50,Tondo,Manila,Metro Manila
133901051,Barangay 51,Tondo,Manila,Metro Manila
133901052,Barangay 52,Tondo,Manila,Metro Manila
133901053,Barangay 53,Tondo,Manila,Metro Manila
133901054,Barangay 54,Tondo,Manila,Metro Manila
133901055,Barangay 55,Tondo,Manila,Metro Manila
133901056,Barangay 56,Tondo,Manila,Metro Manila
133901057,Barangay 57,Tondo,Manila,Metro Manila
133901058,Barangay 58,Tondo,Manila,Metro Manila
133901059,Barangay 59,Tondo,Manila,Metro Manila
133901060,Barangay 60,Tondo,Manila,Metro Manila
133901061,Barangay 61,Tondo,Manila,Metro Manila
133901062,Barangay 62,Tondo,Manila,Metro Manila
133901063,Barangay 63,Tondo,Manila,Metro Manila
133901064,Barangay 64,Tondo,Manila,Metro Manila
133901065,Barangay 65,Tondo,Manila,Metro Manila
133901066,Barangay 66,Tondo,Manila,Metro Manila
133901067,Barangay 67,Tondo,Manila,Metro Manila
133901068,Barangay 68,Tondo,Manila,Metro Manila
133901069,Barangay 69,Tondo,Manila,Metro Manila
133901070,Barangay 70,Tondo,Manila,Metro Manila
133901071,Barangay 71,Tondo,Manila,Metro Manila
133901072,Barangay 72,Tondo,Manila,Metro Manila
133901073,Barangay 73,Tondo,Manila,Metro Manila
133901074,Barangay 74,Tondo,Manila,Metro Manila
133901075,Barangay 75,Tondo,Manila,Metro Manila
133901076,Barangay 76,Tondo,Manila,Metro Manila
133901077,Barangay 77,Tondo,Manila,Metro Manila
133901078,Barangay 78,Tondo,Manila,Metro Manila
133901079,Barangay 79,Tondo,Manila,Metro Manila
133901080,Barangay 80,Tondo,Manila,Metro Manila
133901081,Barangay 81,Tondo,Manila,Metro Manila
133901082,Barangay 82,Tondo,Manila,Metro Manila
133901083,Barangay 83,Tondo,Manila,Metro Manila
133901084,Barangay 84,Tondo,Manila,Metro Manila
133901085,Barangay 85,Tondo,Manila,Metro Manila
133901086,Barangay 86,Tondo,Manila,Metro Manila
133901087,Barangay 87,Tondo,Manila,Metro Manila
133901088,Barangay 88,Tondo,Manila,Metro Manila
133901089,Barangay 89,Tondo,Manila,Metro Manila
133901090,Barangay 90,Tondo,Manila,Metro Manila
133901091,Barangay 91,Tondo,Manila,Metro Manila
133901092,Barangay 92,Tondo,Manila,Metro Manila
133901093,Barangay 93,Tondo,Manila,Metro Manila
133901094,Barangay 94,Tondo,Manila,Metro Manila
133901095,Barangay 95,Tondo,Manila,Metro Manila
133901096,Barangay 96,Tondo,Manila,Metro Manila
133901097,Barangay 97,Tondo,Manila,Metro Manila
133901098,Barangay 98,Tondo,Manila,Metro Manila
133901099,Barangay 99,Tondo,Manila,Metro Manila
133901100,Barangay 100,Tondo,Manila,Metro Manila
133901101,Barangay 101,Tondo,Manila,Metro Manila
133901102,Barangay 102,Tondo,Manila,Metro Manila
133901103,Barangay 103,Tondo,Manila,Metro Manila
133901104,Barangay 104,Tondo,Manila,Metro Manila
133901105,Barangay 105,Tondo,Manila,Metro Manila
133901106,Barangay 106,Tondo,Manila,Metro Manila
133901107,Barangay 107,Tondo,Manila,Metro Manila
133901108,Barangay 108,Tondo,Manila,Metro Manila
133901109,Barangay 109,Tondo,Manila,Metro Manila
133901110,Barangay 110,Tondo,Manila,Metro Manila
133901111,Barangay 111,Tondo,Manila,Metro Manila
133901112,Barangay 112,Tondo,Manila,Metro Manila
133901116,Barangay 116,Tondo,Manila,Metro Manila
133901117,Barangay 117,Tondo,Manila,Metro Manila
133901118,Barangay 118,Tondo,Manila,Metro Manila
133901119,Barangay 119,Tondo,Manila,Metro Manila
133901120,Barangay 120,Tondo,Manila,Metro Manila
133901121,Barangay 121,Tondo,Manila,Metro Manila
133901122,Barangay 122,Tondo,Manila,Metro Manila
133901123,Barangay 123,Tondo,Manila,Metro Manila
133901124,Barangay 124,Tondo,Manila,Metro Manila
133901125,Barangay 125,Tondo,Manila,Metro Manila
133901126,Barangay 126,Tondo,Manila,Metro Manila
133901127,Barangay 127,Tondo,Manila,Metro Manila
133901128,Barangay 128,Tondo,Manila,Metro Manila
133901129,Barangay 129,Tondo,Manila,Metro Manila
133901130,Barangay 130,Tondo,Manila,Metro Manila
133901131,Barangay 131,Tondo,Manila,Metro Manila
133901132,Barangay 132,Tondo,Manila,Metro Manila
133901133,Barangay 133,Tondo,Manila,Metro Manila
133901134,Barangay 134,Tondo,Manila,Metro Manila
133901135,Barangay 135,Tondo,Manila,Metro Manila
133901136,Barangay 136,Tondo,Manila,Metro Manila
133901137,Barangay 137,Tondo,Manila,Metro Manila
133901138,Barangay 138,Tondo,Manila,Metro Manila
133901139,Barangay 139,Tondo,Manila,Metro Manila
133901140,Barangay 140,Tondo,Manila,Metro Manila
133901141,Barangay 141,Tondo,Manila,Metro Manila
133901142,Barangay 142,Tondo,Manila,Metro Manila
133901143,Barangay 143,Tondo,Manila,Metro Manila
133901144,Barangay 144,Tondo,Manila,Metro Manila
133901145,Barangay 145,Tondo,Manila,Metro Manila
133901146,Barangay 146,Tondo,Manila,Metro Manila
133901147,Barangay 147,Tondo,Manila,Metro Manila
133901148,Barangay 148,Tondo,Manila,Metro Manila
133901149,Barangay 149,Tondo,Manila,Metro Manila
133901150,Barangay 150,Tondo,Manila,Metro Manila
133901151,Barangay 151,Tondo,Manila,Metro Manila
133901152,Barangay 152,Tondo,Manila,Metro Manila
133901153,Barangay 153,Tondo,Manila,Metro Manila
133901154,Barangay 154,Tondo,Manila,Metro Manila
133901155,Barangay 155,Tondo,Manila,Metro Manila
133901156,Barangay 156,Tondo,Manila,Metro Manila
133901157,Barangay 157,Tondo,Manila,Metro Manila
133901158,Barangay 158,Tondo,Manila,Metro Manila
133901159,Barangay 159,Tondo,Manila,Metro Manila
133901160,Barangay 160,Tondo,Manila,Metro Manila
133901161,Barangay 161,Tondo,Manila,Metro Manila
133901162,Barangay 162,Tondo,Manila,Metro Manila
133901163,Barangay 163,Tondo,Manila,Metro Manila
133901164,Barangay 164,Tondo,Manila,Metro Manila
133901165,Barangay 165,Tondo,Manila,Metro Manila
133901166,Barangay 166,Tondo,Manila,Metro Manila
133901167,Barangay 167,Tondo,Manila,Metro Manila
133901168,Barangay 168,Tondo,Manila,Metro Manila
133901169,Barangay 169,Tondo,Manila,Metro Manila
133901170,Barangay 170,Tondo,Manila,Metro Manila
133901171,Barangay 171,Tondo,Manila,Metro Manila
133901172,Barangay 172,Tondo,Manila,Metro Manila
133901173,Barangay 173,Tondo,Manila,Metro Manila
133901174,Barangay 174,Tondo,Manila,Metro Manila
133901175,Barangay 175,Tondo,Manila,Metro Manila
133901176,Barangay 176,Tondo,Manila,Metro Manila
133901177,Barangay 177,Tondo,Manila,Metro Manila
133901178,Barangay 178,Tondo,Manila,Metro Manila
133901179,Barangay 179,Tondo,Manila,Metro Manila
133901180,Barangay 180,Tondo,Manila,Metro Manila
133901181,Barangay 181,Tondo,Manila,Metro Manila
133901182,Barangay 182,Tondo,Manila,Metro Manila
133901183,Barangay 183,Tondo,Manila,Metro Manila
133901184,Barangay 184,Tondo,Manila,Metro Manila
133901185,Barangay 185,Tondo,Manila,Metro Manila
133901186,Barangay 186,Tondo,Manila,Metro Manila
133901187,Barangay 187,Tondo,Manila,Metro Manila
133901188,Barangay 188,Tondo,Manila,Metro Manila
133901189,Barangay 189,Tondo,Manila,Metro Manila
133901190,Barangay 190,Tondo,Manila,Metro Manila
133901191,Barangay 191,Tondo,Manila,Metro Manila
133901192,Barangay 192,Tondo,Manila,Metro Manila
133901193,Barangay 193,Tondo,Manila,Metro Manila
133901194,Barangay 194,Tondo,Manila,Metro Manila
133901195,Barangay 195,Tondo,Manila,Metro Manila
133901196,Barangay 196,Tondo,Manila,Metro Manila
133901197,Barangay 197,Tondo,Manila,Metro Manila
133901198,Barangay 198,Tondo,Manila,Metro Manila
133901199,Barangay 199,Tondo,Manila,Metro Manila
133901200,Barangay 200,Tondo,Manila,Metro Manila
133901201,Barangay 201,Tondo,Manila,Metro Manila
133901202,Barangay 202,Tondo,Manila,Metro Manila
133901203,Barangay 202-A,Tondo,Manila,Metro Manila
133901204,Barangay 203,Tondo,Manila,Metro Manila
133901205,Barangay 204,Tondo,Manila,Metro Manila
133901206,Barangay 205,Tondo,Manila,Metro Manila
133901207,Barangay 206,Tondo,Manila,Metro Manila
133901208,Barangay 207,Tondo,Manila,Metro Manila
133901209,Barangay 208,Tondo,Manila,Metro Manila
133901210,Barangay 209,Tondo,Manila,Metro Manila
133901211,Barangay 210,Tondo,Manila,Metro Manila
133901212,Barangay 211,Tondo,Manila,Metro Manila
133901213,Barangay 212,Tondo,Manila,Metro Manila
133901214,Barangay 213,Tondo,Manila,Metro Manila
133901215,Barangay 214,Tondo,Manila,Metro Manila
133901216,Barangay 215,Tondo,Manila,Metro Manila
133901217,Barangay 216,Tondo,Manila,Metro Manila
133901218,Barangay 217,Tondo,Manila,Metro Manila
133901219,Barangay 218,Tondo,Manila,Metro Manila
133901220,Barangay 219,Tondo,Manila,Metro Manila
133901221,Barangay 220,Tondo,Manila,Metro Manila
133901222,Barangay 221,Tondo,Manila,Metro Manila
133901223,Barangay 222,Tondo,Manila,Metro Manila
133901224,Barangay 223,Tondo,Manila,Metro Manila
133901225,Barangay 224,Tondo,Manila,Metro Manila
133901226,Barangay 225,Tondo,Manila,Metro Manila
133901227,Barangay 226,Tondo,Manila,Metro Manila
133901228,Barangay 227,Tondo,Manila,Metro Manila
133901229,Barangay 228,Tondo,Manila,Metro Manila
133901230,Barangay 229,Tondo,Manila,Metro Manila
133901231,Barangay 230,Tondo,Manila,Metro Manila
133901232,Barangay 231,Tondo,Manila,Metro Manila
133901233,Barangay 232,Tondo,Manila,Metro Manila
133901234,Barangay 233,Tondo,Manila,Metro Manila
133901235,Barangay 234,Tondo,Manila,Metro Manila
133901236,Barangay 235,Tondo,Manila,Metro Manila
133901237,Barangay 236,Tondo,Manila,Metro Manila
133901238,Barangay 237,Tondo,Manila,Metro Manila
133901239,Barangay 238,Tondo,Manila,Metro Manila
133901240,Barangay 239,Tondo,Manila,Metro Manila
133901241,Barangay 240,Tondo,Manila,Metro Manila
133901242,Barangay 241,Tondo,Manila,Metro Manila
133901243,Barangay 242,Tondo,Manila,Metro Manila
133901244,Barangay 243,Tondo,Manila,Metro Manila
133901245,Barangay 244,Tondo,Manila,Metro Manila
133901246,Barangay 245,Tondo,Manila,Metro Manila
133901247,Barangay 246,Tondo,Manila,Metro Manila
133901248,Barangay 247,Tondo,Manila,Metro Manila
133901249,Barangay 248,Tondo,Manila,Metro Manila
133901250,Barangay 249,Tondo,Manila,Metro Manila
133901251,Barangay 250,Tondo,Manila,Metro Manila
133901252,Barangay 251,Tondo,Manila,Metro Manila
133901253,Barangay 252,Tondo,Manila,Metro Manila
133901254,Barangay 253,Tondo,Manila,Metro Manila
133901255,Barangay 254,Tondo,Manila,Metro Manila
133901256,Barangay 255,Tondo,Manila,Metro Manila
133901257,Barangay 256,Tondo,Manila,Metro Manila
133901258,Barangay 257,Tondo,Manila,Metro Manila
133901259,Barangay 258,Tondo,Manila,Metro Manila
133901260,Barangay 259,Tondo,Manila,Metro Manila
133901261,Barangay 260,Tondo,Manila,Metro Manila
133901262,Barangay 261,Tondo,Manila,Metro Manila
133901263,Barangay 262,Tondo,Manila,Metro Manila
133901264,Barangay 263,Tondo,Manila,Metro Manila
133901265,Barangay 264,Tondo,Manila,Metro Manila
133901266,Barangay 265,Tondo,Manila,Metro Manila
133901267,Barangay 266,Tondo,Manila,Metro Manila
133901268,Barangay 267,Tondo,Manila,Metro Manila
133902000,BINONDO,,SubMun,
133902001,Barangay 287,Binondo,Manila,Metro Manila
133902002,Barangay 288,Binondo,Manila,Metro Manila
133902003,Barangay 289,Binondo,Manila,Metro Manila
133902004,Barangay 290,Binondo,Manila,Metro Manila
133902005,Barangay 291,Binondo,Manila,Metro Manila
133902006,Barangay 292,Binondo,Manila,Metro Manila
133902007,Barangay 293,Binondo,Manila,Metro Manila
133902008,Barangay 294,Binondo,Manila,Metro Manila
133902009,Barangay 295,Binondo,Manila,Metro Manila
133902010,Barangay 296,Binondo,Manila,Metro Manila
133903000,QUIAPO,,Manila,Metro Manila
133903003,Barangay 383,Quiapo,Manila,Metro Manila
133903004,Barangay 384,Quiapo,Manila,Metro Manila
133903005,Barangay 385,Quiapo,Manila,Metro Manila
133903006,Barangay 386,Quiapo,Manila,Metro Manila
133903007,Barangay 387,Quiapo,Manila,Metro Manila
133903008,Barangay 388,Quiapo,Manila,Metro Manila
133903009,Barangay 389,Quiapo,Manila,Metro Manila
133903010,Barangay 390,Quiapo,Manila,Metro Manila
133903011,Barangay 391,Quiapo,Manila,Metro Manila
133903012,Barangay 392,Quiapo,Manila,Metro Manila
133903013,Barangay 393,Quiapo,Manila,Metro Manila
133903014,Barangay 394,Quiapo,Manila,Metro Manila
133903015,Barangay 306,Quiapo,Manila,Metro Manila
133903016,Barangay 307,Quiapo,Manila,Metro Manila
133903017,Barangay 308,Quiapo,Manila,Metro Manila
133903018,Barangay 309,Quiapo,Manila,Metro Manila
133904000,SAN NICOLAS,,Manila,Metro Manila
133904001,Barangay 268,San Nicolas,Manila,Metro Manila
133904002,Barangay 269,San Nicolas,Manila,Metro Manila
133904003,Barangay 270,San Nicolas,Manila,Metro Manila
133904004,Barangay 271,San Nicolas,Manila,Metro Manila
133904005,Barangay 272,San Nicolas,Manila,Metro Manila
133904006,Barangay 273,San Nicolas,Manila,Metro Manila
133904007,Barangay 274,San Nicolas,Manila,Metro Manila
133904008,Barangay 275,San Nicolas,Manila,Metro Manila
133904009,Barangay 276,San Nicolas,Manila,Metro Manila
133904014,Barangay 281,San Nicolas,Manila,Metro Manila
133904015,Barangay 282,San Nicolas,Manila,Metro Manila
133904016,Barangay 283,San Nicolas,Manila,Metro Manila
133904017,Barangay 284,San Nicolas,Manila,Metro Manila
133904018,Barangay 285,San Nicolas,Manila,Metro Manila
133904019,Barangay 286,San Nicolas,Manila,Metro Manila
133905000,SANTA CRUZ,,SubMun,
133905001,Barangay 297,Santa Cruz,Manila,Metro Manila
133905002,Barangay 298,Santa Cruz,Manila,Metro Manila
133905003,Barangay 299,Santa Cruz,Manila,Metro Manila
133905004,Barangay 300,Santa Cruz,Manila,Metro Manila
133905005,Barangay 301,Santa Cruz,Manila,Metro Manila
133905006,Barangay 302,Santa Cruz,Manila,Metro Manila
133905007,Barangay 303,Santa Cruz,Manila,Metro Manila
133905008,Barangay 304,Santa Cruz,Manila,Metro Manila
133905009,Barangay 305,Santa Cruz,Manila,Metro Manila
133905012,Barangay 310,Santa Cruz,Manila,Metro Manila
133905013,Barangay 311,Santa Cruz,Manila,Metro Manila
133905014,Barangay 312,Santa Cruz,Manila,Metro Manila
133905015,Barangay 313,Santa Cruz,Manila,Metro Manila
133905016,Barangay 314,Santa Cruz,Manila,Metro Manila
133905017,Barangay 315,Santa Cruz,Manila,Metro Manila
133905018,Barangay 316,Santa Cruz,Manila,Metro Manila
133905019,Barangay 317,Santa Cruz,Manila,Metro Manila
133905020,Barangay 318,Santa Cruz,Manila,Metro Manila
133905021,Barangay 319,Santa Cruz,Manila,Metro Manila
133905022,Barangay 320,Santa Cruz,Manila,Metro Manila
133905023,Barangay 321,Santa Cruz,Manila,Metro Manila
133905024,Barangay 322,Santa Cruz,Manila,Metro Manila
133905025,Barangay 323,Santa Cruz,Manila,Metro Manila
133905026,Barangay 324,Santa Cruz,Manila,Metro Manila
133905027,Barangay 325,Santa Cruz,Manila,Metro Manila
133905028,Barangay 326,Santa Cruz,Manila,Metro Manila
133905029,Barangay 327,Santa Cruz,Manila,Metro Manila
133905030,Barangay 328,Santa Cruz,Manila,Metro Manila
133905031,Barangay 329,Santa Cruz,Manila,Metro Manila
133905032,Barangay 330,Santa Cruz,Manila,Metro Manila
133905033,Barangay 331,Santa Cruz,Manila,Metro Manila
133905034,Barangay 332,Santa Cruz,Manila,Metro Manila
133905035,Barangay 333,Santa Cruz,Manila,Metro Manila
133905036,Barangay 334,Santa Cruz,Manila,Metro Manila
133905037,Barangay 335,Santa Cruz,Manila,Metro Manila
133905038,Barangay 336,Santa Cruz,Manila,Metro Manila
133905039,Barangay 337,Santa Cruz,Manila,Metro Manila
133905040,Barangay 338,Santa Cruz,Manila,Metro Manila
133905041,Barangay 339,Santa Cruz,Manila,Metro Manila
133905042,Barangay 340,Santa Cruz,Manila,Metro Manila
133905043,Barangay 341,Santa Cruz,Manila,Metro Manila
133905044,Barangay 342,Santa Cruz,Manila,Metro Manila
133905045,Barangay 343,Santa Cruz,Manila,Metro Manila
133905046,Barangay 344,Santa Cruz,Manila,Metro Manila
133905047,Barangay 345,Santa Cruz,Manila,Metro Manila
133905048,Barangay 346,Santa Cruz,Manila,Metro Manila
133905049,Barangay 347,Santa Cruz,Manila,Metro Manila
133905050,Barangay 348,Santa Cruz,Manila,Metro Manila
133905051,Barangay 349,Santa Cruz,Manila,Metro Manila
133905052,Barangay 350,Santa Cruz,Manila,Metro Manila
133905053,Barangay 351,Santa Cruz,Manila,Metro Manila
133905054,Barangay 352,Santa Cruz,Manila,Metro Manila
133905055,Barangay 353,Santa Cruz,Manila,Metro Manila
133905056,Barangay 354,Santa Cruz,Manila,Metro Manila
133905057,Barangay 355,Santa Cruz,Manila,Metro Manila
133905058,Barangay 356,Santa Cruz,Manila,Metro Manila
133905059,Barangay 357,Santa Cruz,Manila,Metro Manila
133905060,Barangay 358,Santa Cruz,Manila,Metro Manila
133905061,Barangay 359,Santa Cruz,Manila,Metro Manila
133905062,Barangay 360,Santa Cruz,Manila,Metro Manila
133905063,Barangay 361,Santa Cruz,Manila,Metro Manila
133905064,Barangay 362,Santa Cruz,Manila,Metro Manila
133905065,Barangay 363,Santa Cruz,Manila,Metro Manila
133905066,Barangay 364,Santa Cruz,Manila,Metro Manila
133905067,Barangay 365,Santa Cruz,Manila,Metro Manila
133905069,Barangay 366,Santa Cruz,Manila,Metro Manila
133905070,Barangay 367,Santa Cruz,Manila,Metro Manila
133905071,Barangay 368,Santa Cruz,Manila,Metro Manila
133905072,Barangay 369,Santa Cruz,Manila,Metro Manila
133905073,Barangay 370,Santa Cruz,Manila,Metro Manila
133905074,Barangay 371,Santa Cruz,Manila,Metro Manila
133905075,Barangay 372,Santa Cruz,Manila,Metro Manila
133905076,Barangay 373,Santa Cruz,Manila,Metro Manila
133905077,Barangay 374,Santa Cruz,Manila,Metro Manila
133905078,Barangay 375,Santa Cruz,Manila,Metro Manila
133905079,Barangay 376,Santa Cruz,Manila,Metro Manila
133905080,Barangay 377,Santa Cruz,Manila,Metro Manila
133905081,Barangay 378,Santa Cruz,Manila,Metro Manila
133905082,Barangay 379,Santa Cruz,Manila,Metro Manila
133905083,Barangay 380,Santa Cruz,Manila,Metro Manila
133905084,Barangay 381,Santa Cruz,Manila,Metro Manila
133905085,Barangay 382,Santa Cruz,Manila,Metro Manila
133906000,SAMPALOC,,Manila,Metro Manila
133906001,Barangay 395,Sampaloc,Manila,Metro Manila
133906002,Barangay 396,Sampaloc,Manila,Metro Manila
133906003,Barangay 397,Sampaloc,Manila,Metro Manila
133906004,Barangay 398,Sampaloc,Manila,Metro Manila
133906005,Barangay 399,Sampaloc,Manila,Metro Manila
133906006,Barangay 400,Sampaloc,Manila,Metro Manila
133906007,Barangay 401,Sampaloc,Manila,Metro Manila
133906008,Barangay 402,Sampaloc,Manila,Metro Manila
133906009,Barangay 403,Sampaloc,Manila,Metro Manila
133906010,Barangay 404,Sampaloc,Manila,Metro Manila
133906011,Barangay 405,Sampaloc,Manila,Metro Manila
133906012,Barangay 406,Sampaloc,Manila,Metro Manila
133906013,Barangay 407,Sampaloc,Manila,Metro Manila
133906014,Barangay 408,Sampaloc,Manila,Metro Manila
133906015,Barangay 409,Sampaloc,Manila,Metro Manila
133906016,Barangay 410,Sampaloc,Manila,Metro Manila
133906017,Barangay 411,Sampaloc,Manila,Metro Manila
133906018,Barangay 412,Sampaloc,Manila,Metro Manila
133906019,Barangay 413,Sampaloc,Manila,Metro Manila
133906020,Barangay 414,Sampaloc,Manila,Metro Manila
133906021,Barangay 415,Sampaloc,Manila,Metro Manila
133906022,Barangay 416,Sampaloc,Manila,Metro Manila
133906023,Barangay 417,Sampaloc,Manila,Metro Manila
133906024,Barangay 418,Sampaloc,Manila,Metro Manila
133906025,Barangay 419,Sampaloc,Manila,Metro Manila
133906026,Barangay 420,Sampaloc,Manila,Metro Manila
133906027,Barangay 421,Sampaloc,Manila,Metro Manila
133906028,Barangay 422,Sampaloc,Manila,Metro Manila
133906029,Barangay 423,Sampaloc,Manila,Metro Manila
133906030,Barangay 424,Sampaloc,Manila,Metro Manila
133906031,Barangay 425,Sampaloc,Manila,Metro Manila
133906032,Barangay 426,Sampaloc,Manila,Metro Manila
133906033,Barangay 427,Sampaloc,Manila,Metro Manila
133906034,Barangay 428,Sampaloc,Manila,Metro Manila
133906035,Barangay 429,Sampaloc,Manila,Metro Manila
133906036,Barangay 430,Sampaloc,Manila,Metro Manila
133906037,Barangay 431,Sampaloc,Manila,Metro Manila
133906038,Barangay 432,Sampaloc,Manila,Metro Manila
133906039,Barangay 433,Sampaloc,Manila,Metro Manila
133906040,Barangay 434,Sampaloc,Manila,Metro Manila
133906041,Barangay 435,Sampaloc,Manila,Metro Manila
133906042,Barangay 436,Sampaloc,Manila,Metro Manila
133906043,Barangay 437,Sampaloc,Manila,Metro Manila
133906044,Barangay 438,Sampaloc,Manila,Metro Manila
133906045,Barangay 439,Sampaloc,Manila,Metro Manila
133906046,Barangay 440,Sampaloc,Manila,Metro Manila
133906047,Barangay 441,Sampaloc,Manila,Metro Manila
133906048,Barangay 442,Sampaloc,Manila,Metro Manila
133906049,Barangay 443,Sampaloc,Manila,Metro Manila
133906050,Barangay 444,Sampaloc,Manila,Metro Manila
133906051,Barangay 445,Sampaloc,Manila,Metro Manila
133906052,Barangay 446,Sampaloc,Manila,Metro Manila
133906053,Barangay 447,Sampaloc,Manila,Metro Manila
133906054,Barangay 448,Sampaloc,Manila,Metro Manila
133906055,Barangay 449,Sampaloc,Manila,Metro Manila
133906056,Barangay 450,Sampaloc,Manila,Metro Manila
133906057,Barangay 451,Sampaloc,Manila,Metro Manila
133906058,Barangay 452,Sampaloc,Manila,Metro Manila
133906059,Barangay 453,Sampaloc,Manila,Metro Manila
133906060,Barangay 454,Sampaloc,Manila,Metro Manila
133906061,Barangay 455,Sampaloc,Manila,Metro Manila
133906062,Barangay 456,Sampaloc,Manila,Metro Manila
133906063,Barangay 457,Sampaloc,Manila,Metro Manila
133906064,Barangay 458,Sampaloc,Manila,Metro Manila
133906065,Barangay 459,Sampaloc,Manila,Metro Manila
133906066,Barangay 460,Sampaloc,Manila,Metro Manila
133906067,Barangay 461,Sampaloc,Manila,Metro Manila
133906068,Barangay 462,Sampaloc,Manila,Metro Manila
133906069,Barangay 463,Sampaloc,Manila,Metro Manila
133906070,Barangay 464,Sampaloc,Manila,Metro Manila
133906071,Barangay 465,Sampaloc,Manila,Metro Manila
133906072,Barangay 466,Sampaloc,Manila,Metro Manila
133906073,Barangay 467,Sampaloc,Manila,Metro Manila
133906074,Barangay 468,Sampaloc,Manila,Metro Manila
133906075,Barangay 469,Sampaloc,Manila,Metro Manila
133906076,Barangay 470,Sampaloc,Manila,Metro Manila
133906077,Barangay 471,Sampaloc,Manila,Metro Manila
133906078,Barangay 472,Sampaloc,Manila,Metro Manila
133906079,Barangay 473,Sampaloc,Manila,Metro Manila
133906080,Barangay 474,Sampaloc,Manila,Metro Manila
133906081,Barangay 475,Sampaloc,Manila,Metro Manila
133906082,Barangay 476,Sampaloc,Manila,Metro Manila
133906083,Barangay 477,Sampaloc,Manila,Metro Manila
133906084,Barangay 478,Sampaloc,Manila,Metro Manila
133906085,Barangay 479,Sampaloc,Manila,Metro Manila
133906086,Barangay 480,Sampaloc,Manila,Metro Manila
133906087,Barangay 481,Sampaloc,Manila,Metro Manila
133906088,Barangay 482,Sampaloc,Manila,Metro Manila
133906089,Barangay 483,Sampaloc,Manila,Metro Manila
133906090,Barangay 484,Sampaloc,Manila,Metro Manila
133906091,Barangay 485,Sampaloc,Manila,Metro Manila
133906092,Barangay 486,Sampaloc,Manila,Metro Manila
133906093,Barangay 487,Sampaloc,Manila,Metro Manila
133906094,Barangay 488,Sampaloc,Manila,Metro Manila
133906095,Barangay 489,Sampaloc,Manila,Metro Manila
133906096,Barangay 490,Sampaloc,Manila,Metro Manila
133906097,Barangay 491,Sampaloc,Manila,Metro Manila
133906098,Barangay 492,Sampaloc,Manila,Metro Manila
133906099,Barangay 493,Sampaloc,Manila,Metro Manila
133906100,Barangay 494,Sampaloc,Manila,Metro Manila
133906101,Barangay 495,Sampaloc,Manila,Metro Manila
133906102,Barangay 496,Sampaloc,Manila,Metro Manila
133906103,Barangay 497,Sampaloc,Manila,Metro Manila
133906104,Barangay 498,Sampaloc,Manila,Metro Manila
133906105,Barangay 499,Sampaloc,Manila,Metro Manila
133906106,Barangay 500,Sampaloc,Manila,Metro Manila
133906107,Barangay 501,Sampaloc,Manila,Metro Manila
133906108,Barangay 502,Sampaloc,Manila,Metro Manila
133906109,Barangay 503,Sampaloc,Manila,Metro Manila
133906110,Barangay 504,Sampaloc,Manila,Metro Manila
133906111,Barangay 505,Sampaloc,Manila,Metro Manila
133906112,Barangay 506,Sampaloc,Manila,Metro Manila
133906113,Barangay 507,Sampaloc,Manila,Metro Manila
133906114,Barangay 508,Sampaloc,Manila,Metro Manila
133906115,Barangay 509,Sampaloc,Manila,Metro Manila
133906116,Barangay 510,Sampaloc,Manila,Metro Manila
133906117,Barangay 511,Sampaloc,Manila,Metro Manila
133906118,Barangay 512,Sampaloc,Manila,Metro Manila
133906119,Barangay 513,Sampaloc,Manila,Metro Manila
133906120,Barangay 514,Sampaloc,Manila,Metro Manila
133906121,Barangay 515,Sampaloc,Manila,Metro Manila
133906122,Barangay 516,Sampaloc,Manila,Metro Manila
133906123,Barangay 517,Sampaloc,Manila,Metro Manila
133906124,Barangay 518,Sampaloc,Manila,Metro Manila
133906125,Barangay 519,Sampaloc,Manila,Metro Manila
133906126,Barangay 520,Sampaloc,Manila,Metro Manila
133906127,Barangay 521,Sampaloc,Manila,Metro Manila
133906128,Barangay 522,Sampaloc,Manila,Metro Manila
133906129,Barangay 523,Sampaloc,Manila,Metro Manila
133906130,Barangay 524,Sampaloc,Manila,Metro Manila
133906131,Barangay 525,Sampaloc,Manila,Metro Manila
133906132,Barangay 526,Sampaloc,Manila,Metro Manila
133906133,Barangay 527,Sampaloc,Manila,Metro Manila
133906134,Barangay 528,Sampaloc,Manila,Metro Manila
133906135,Barangay 529,Sampaloc,Manila,Metro Manila
133906136,Barangay 530,Sampaloc,Manila,Metro Manila
133906137,Barangay 531,Sampaloc,Manila,Metro Manila
133906138,Barangay 532,Sampaloc,Manila,Metro Manila
133906139,Barangay 533,Sampaloc,Manila,Metro Manila
133906140,Barangay 534,Sampaloc,Manila,Metro Manila
133906141,Barangay 535,Sampaloc,Manila,Metro Manila
133906142,Barangay 536,Sampaloc,Manila,Metro Manila
133906143,Barangay 537,Sampaloc,Manila,Metro Manila
133906144,Barangay 538,Sampaloc,Manila,Metro Manila
133906145,Barangay 539,Sampaloc,Manila,Metro Manila
133906146,Barangay 540,Sampaloc,Manila,Metro Manila
133906147,Barangay 541,Sampaloc,Manila,Metro Manila
133906148,Barangay 542,Sampaloc,Manila,Metro Manila
133906149,Barangay 543,Sampaloc,Manila,Metro Manila
133906150,Barangay 544,Sampaloc,Manila,Metro Manila
133906151,Barangay 545,Sampaloc,Manila,Metro Manila
133906152,Barangay 546,Sampaloc,Manila,Metro Manila
133906153,Barangay 547,Sampaloc,Manila,Metro Manila
133906154,Barangay 548,Sampaloc,Manila,Metro Manila
133906155,Barangay 549,Sampaloc,Manila,Metro Manila
133906156,Barangay 550,Sampaloc,Manila,Metro Manila
133906157,Barangay 551,Sampaloc,Manila,Metro Manila
133906158,Barangay 552,Sampaloc,Manila,Metro Manila
133906159,Barangay 553,Sampaloc,Manila,Metro Manila
133906160,Barangay 554,Sampaloc,Manila,Metro Manila
133906161,Barangay 555,Sampaloc,Manila,Metro Manila
133906162,Barangay 556,Sampaloc,Manila,Metro Manila
133906163,Barangay 557,Sampaloc,Manila,Metro Manila
133906164,Barangay 558,Sampaloc,Manila,Metro Manila
133906165,Barangay 559,Sampaloc,Manila,Metro Manila
133906166,Barangay 560,Sampaloc,Manila,Metro Manila
133906167,Barangay 561,Sampaloc,Manila,Metro Manila
133906168,Barangay 562,Sampaloc,Manila,Metro Manila
133906169,Barangay 563,Sampaloc,Manila,Metro Manila
133906170,Barangay 564,Sampaloc,Manila,Metro Manila
133906171,Barangay 565,Sampaloc,Manila,Metro Manila
133906172,Barangay 566,Sampaloc,Manila,Metro Manila
133906173,Barangay 567,Sampaloc,Manila,Metro Manila
133906174,Barangay 568,Sampaloc,Manila,Metro Manila
133906175,Barangay 569,Sampaloc,Manila,Metro Manila
133906176,Barangay 570,Sampaloc,Manila,Metro Manila
133906177,Barangay 571,Sampaloc,Manila,Metro Manila
133906178,Barangay 572,Sampaloc,Manila,Metro Manila
133906179,Barangay 573,Sampaloc,Manila,Metro Manila
133906180,Barangay 574,Sampaloc,Manila,Metro Manila
133906181,Barangay 575,Sampaloc,Manila,Metro Manila
133906182,Barangay 576,Sampaloc,Manila,Metro Manila
133906183,Barangay 577,Sampaloc,Manila,Metro Manila
133906184,Barangay 578,Sampaloc,Manila,Metro Manila
133906185,Barangay 579,Sampaloc,Manila,Metro Manila
133906186,Barangay 580,Sampaloc,Manila,Metro Manila
133906187,Barangay 581,Sampaloc,Manila,Metro Manila
133906188,Barangay 582,Sampaloc,Manila,Metro Manila
133906189,Barangay 583,Sampaloc,Manila,Metro Manila
133906190,Barangay 584,Sampaloc,Manila,Metro Manila
133906191,Barangay 585,Sampaloc,Manila,Metro Manila
133906192,Barangay 586,Sampaloc,Manila,Metro Manila
133906193,Barangay 587,Sampaloc,Manila,Metro Manila
133906194,Barangay 587-A,Sampaloc,Manila,Metro Manila
133906195,Barangay 588,Sampaloc,Manila,Metro Manila
133906196,Barangay 589,Sampaloc,Manila,Metro Manila
133906197,Barangay 590,Sampaloc,Manila,Metro Manila
133906198,Barangay 591,Sampaloc,Manila,Metro Manila
133906199,Barangay 592,Sampaloc,Manila,Metro Manila
133906200,Barangay 593,Sampaloc,Manila,Metro Manila
133906201,Barangay 594,Sampaloc,Manila,Metro Manila
133906202,Barangay 595,Sampaloc,Manila,Metro Manila
133906203,Barangay 596,Sampaloc,Manila,Metro Manila
133906204,Barangay 597,Sampaloc,Manila,Metro Manila
133906205,Barangay 598,Sampaloc,Manila,Metro Manila
133906206,Barangay 599,Sampaloc,Manila,Metro Manila
133906207,Barangay 600,Sampaloc,Manila,Metro Manila
133906208,Barangay 601,Sampaloc,Manila,Metro Manila
133906209,Barangay 602,Sampaloc,Manila,Metro Manila
133906210,Barangay 603,Sampaloc,Manila,Metro Manila
133906211,Barangay 604,Sampaloc,Manila,Metro Manila
133906212,Barangay 605,Sampaloc,Manila,Metro Manila
133906213,Barangay 606,Sampaloc,Manila,Metro Manila
133906214,Barangay 607,Sampaloc,Manila,Metro Manila
133906215,Barangay 608,Sampaloc,Manila,Metro Manila
133906216,Barangay 609,Sampaloc,Manila,Metro Manila
133906217,Barangay 610,Sampaloc,Manila,Metro Manila
133906218,Barangay 611,Sampaloc,Manila,Metro Manila
133906219,Barangay 612,Sampaloc,Manila,Metro Manila
133906220,Barangay 613,Sampaloc,Manila,Metro Manila
133906221,Barangay 614,Sampaloc,Manila,Metro Manila
133906222,Barangay 615,Sampaloc,Manila,Metro Manila
133906223,Barangay 616,Sampaloc,Manila,Metro Manila
133906224,Barangay 617,Sampaloc,Manila,Metro Manila
133906225,Barangay 618,Sampaloc,Manila,Metro Manila
133906226,Barangay 619,Sampaloc,Manila,Metro Manila
133906227,Barangay 620,Sampaloc,Manila,Metro Manila
133906228,Barangay 621,Sampaloc,Manila,Metro Manila
133906229,Barangay 622,Sampaloc,Manila,Metro Manila
133906230,Barangay 623,Sampaloc,Manila,Metro Manila
133906231,Barangay 624,Sampaloc,Manila,Metro Manila
133906232,Barangay 625,Sampaloc,Manila,Metro Manila
133906233,Barangay 626,Sampaloc,Manila,Metro Manila
133906234,Barangay 627,Sampaloc,Manila,Metro Manila
133906235,Barangay 628,Sampaloc,Manila,Metro Manila
133906236,Barangay 629,Sampaloc,Manila,Metro Manila
133906237,Barangay 630,Sampaloc,Manila,Metro Manila
133906238,Barangay 631,Sampaloc,Manila,Metro Manila
133906239,Barangay 632,Sampaloc,Manila,Metro Manila
133906240,Barangay 633,Sampaloc,Manila,Metro Manila
133906241,Barangay 634,Sampaloc,Manila,Metro Manila
133906242,Barangay 635,Sampaloc,Manila,Metro Manila
133906243,Barangay 636,Sampaloc,Manila,Metro Manila
133907000,SAN MIGUEL,,Manila,Metro Manila
133907001,Barangay 637,San Miguel,Manila,Metro Manila
133907002,Barangay 638,San Miguel,Manila,Metro Manila
133907003,Barangay 639,San Miguel,Manila,Metro Manila
133907004,Barangay 640,San Miguel,Manila,Metro Manila
133907005,Barangay 641,San Miguel,Manila,Metro Manila
133907006,Barangay 642,San Miguel,Manila,Metro Manila
133907007,Barangay 643,San Miguel,Manila,Metro Manila
133907008,Barangay 644,San Miguel,Manila,Metro Manila
133907009,Barangay 645,San Miguel,Manila,Metro Manila
133907010,Barangay 646,San Miguel,Manila,Metro Manila
133907011,Barangay 647,San Miguel,Manila,Metro Manila
133907012,Barangay 648,San Miguel,Manila,Metro Manila
133908000,ERMITA,,Manila,Metro Manila
133908001,Barangay 659,Ermita,Manila,Metro Manila
133908002,Barangay 659-A,Ermita,Manila,Metro Manila
133908003,Barangay 660,Ermita,Manila,Metro Manila
133908004,Barangay 660-A,Ermita,Manila,Metro Manila
133908005,Barangay 661,Ermita,Manila,Metro Manila
133908008,Barangay 666,Ermita,Manila,Metro Manila
133908009,Barangay 667,Ermita,Manila,Metro Manila
133908010,Barangay 668,Ermita,Manila,Metro Manila
133908011,Barangay 669,Ermita,Manila,Metro Manila
133908012,Barangay 670,Ermita,Manila,Metro Manila
133908013,Barangay 663,Ermita,Manila,Metro Manila
133908014,Barangay 663-A,Ermita,Manila,Metro Manila
133908015,Barangay 664,Ermita,Manila,Metro Manila
133909000,INTRAMUROS,,Manila,Metro Manila
133909001,Barangay 654,Intramuros,Manila,Metro Manila
133909002,Barangay 655,Intramuros,Manila,Metro Manila
133909003,Barangay 656,Intramuros,Manila,Metro Manila
133909004,Barangay 657,Intramuros,Manila,Metro Manila
133909005,Barangay 658,Intramuros,Manila,Metro Manila
133910000,MALATE,,Manila,Metro Manila
133910004,Barangay 689,Malate,Manila,Metro Manila
133910005,Barangay 690,Malate,Manila,Metro Manila
133910006,Barangay 691,Malate,Manila,Metro Manila
133910007,Barangay 692,Malate,Manila,Metro Manila
133910008,Barangay 693,Malate,Manila,Metro Manila
133910009,Barangay 694,Malate,Manila,Metro Manila
133910010,Barangay 695,Malate,Manila,Metro Manila
133910011,Barangay 696,Malate,Manila,Metro Manila
133910012,Barangay 697,Malate,Manila,Metro Manila
133910013,Barangay 698,Malate,Manila,Metro Manila
133910014,Barangay 699,Malate,Manila,Metro Manila
133910015,Barangay 700,Malate,Manila,Metro Manila
133910016,Barangay 701,Malate,Manila,Metro Manila
133910017,Barangay 702,Malate,Manila,Metro Manila
133910018,Barangay 703,Malate,Manila,Metro Manila
133910019,Barangay 704,Malate,Manila,Metro Manila
133910020,Barangay 705,Malate,Manila,Metro Manila
133910021,Barangay 706,Malate,Manila,Metro Manila
133910022,Barangay 707,Malate,Manila,Metro Manila
133910023,Barangay 708,Malate,Manila,Metro Manila
133910024,Barangay 709,Malate,Manila,Metro Manila
133910025,Barangay 710,Malate,Manila,Metro Manila
133910026,Barangay 711,Malate,Manila,Metro Manila
133910027,Barangay 712,Malate,Manila,Metro Manila
133910028,Barangay 713,Malate,Manila,Metro Manila
133910029,Barangay 714,Malate,Manila,Metro Manila
133910030,Barangay 715,Malate,Manila,Metro Manila
133910031,Barangay 716,Malate,Manila,Metro Manila
133910032,Barangay 717,Malate,Manila,Metro Manila
133910033,Barangay 718,Malate,Manila,Metro Manila
133910034,Barangay 719,Malate,Manila,Metro Manila
133910035,Barangay 720,Malate,Manila,Metro Manila
133910036,Barangay 721,Malate,Manila,Metro Manila
133910037,Barangay 722,Malate,Manila,Metro Manila
133910038,Barangay 723,Malate,Manila,Metro Manila
133910039,Barangay 724,Malate,Manila,Metro Manila
133910040,Barangay 725,Malate,Manila,Metro Manila
133910041,Barangay 726,Malate,Manila,Metro Manila
133910042,Barangay 727,Malate,Manila,Metro Manila
133910043,Barangay 728,Malate,Manila,Metro Manila
133910044,Barangay 729,Malate,Manila,Metro Manila
133910045,Barangay 730,Malate,Manila,Metro Manila
133910046,Barangay 731,Malate,Manila,Metro Manila
133910047,Barangay 732,Malate,Manila,Metro Manila
133910048,Barangay 733,Malate,Manila,Metro Manila
133910052,Barangay 738,Malate,Manila,Metro Manila
133910053,Barangay 739,Malate,Manila,Metro Manila
133910054,Barangay 740,Malate,Manila,Metro Manila
133910055,Barangay 741,Malate,Manila,Metro Manila
133910056,Barangay 742,Malate,Manila,Metro Manila
133910057,Barangay 743,Malate,Manila,Metro Manila
133910058,Barangay 744,Malate,Manila,Metro Manila
133910059,Barangay 688,Malate,Manila,Metro Manila
133910060,Barangay 735,Malate,Manila,Metro Manila
133910061,Barangay 736,Malate,Manila,Metro Manila
133910062,Barangay 737,Malate,Manila,Metro Manila
133910063,Barangay 734,Malate,Manila,Metro Manila
133911000,PACO,,Manila,Metro Manila
133911001,Barangay 662,Paco,Manila,Metro Manila
133911004,Barangay 664-A,Paco,Manila,Metro Manila
133911005,Barangay 671,Paco,Manila,Metro Manila
133911006,Barangay 672,Paco,Manila,Metro Manila
133911007,Barangay 673,Paco,Manila,Metro Manila
133911008,Barangay 674,Paco,Manila,Metro Manila
133911009,Barangay 675,Paco,Manila,Metro Manila
133911010,Barangay 676,Paco,Manila,Metro Manila
133911011,Barangay 677,Paco,Manila,Metro Manila
133911012,Barangay 678,Paco,Manila,Metro Manila
133911013,Barangay 679,Paco,Manila,Metro Manila
133911014,Barangay 680,Paco,Manila,Metro Manila
133911015,Barangay 681,Paco,Manila,Metro Manila
133911016,Barangay 682,Paco,Manila,Metro Manila
133911017,Barangay 683,Paco,Manila,Metro Manila
133911018,Barangay 684,Paco,Manila,Metro Manila
133911019,Barangay 685,Paco,Manila,Metro Manila
133911023,Barangay 809,Paco,Manila,Metro Manila
133911024,Barangay 810,Paco,Manila,Metro Manila
133911025,Barangay 811,Paco,Manila,Metro Manila
133911026,Barangay 812,Paco,Manila,Metro Manila
133911027,Barangay 813,Paco,Manila,Metro Manila
133911028,Barangay 814,Paco,Manila,Metro Manila
133911029,Barangay 815,Paco,Manila,Metro Manila
133911030,Barangay 816,Paco,Manila,Metro Manila
133911031,Barangay 817,Paco,Manila,Metro Manila
133911032,Barangay 818,Paco,Manila,Metro Manila
133911034,Barangay 819,Paco,Manila,Metro Manila
133911035,Barangay 820,Paco,Manila,Metro Manila
133911036,Barangay 821,Paco,Manila,Metro Manila
133911037,Barangay 822,Paco,Manila,Metro Manila
133911038,Barangay 823,Paco,Manila,Metro Manila
133911039,Barangay 824,Paco,Manila,Metro Manila
133911040,Barangay 825,Paco,Manila,Metro Manila
133911041,Barangay 826,Paco,Manila,Metro Manila
133911042,Barangay 827,Paco,Manila,Metro Manila
133911043,Barangay 828,Paco,Manila,Metro Manila
133911044,Barangay 829,Paco,Manila,Metro Manila
133911045,Barangay 830,Paco,Manila,Metro Manila
133911046,Barangay 831,Paco,Manila,Metro Manila
133911047,Barangay 832,Paco,Manila,Metro Manila
133911048,Barangay 686,Paco,Manila,Metro Manila
133911049,Barangay 687,Paco,Manila,Metro Manila
133912000,PANDACAN,,Manila,Metro Manila
133912001,Barangay 833,Pandacan,Manila,Metro Manila
133912002,Barangay 834,Pandacan,Manila,Metro Manila
133912003,Barangay 835,Pandacan,Manila,Metro Manila
133912004,Barangay 836,Pandacan,Manila,Metro Manila
133912005,Barangay 837,Pandacan,Manila,Metro Manila
133912006,Barangay 838,Pandacan,Manila,Metro Manila
133912007,Barangay 839,Pandacan,Manila,Metro Manila
133912008,Barangay 840,Pandacan,Manila,Metro Manila
133912009,Barangay 841,Pandacan,Manila,Metro Manila
133912010,Barangay 842,Pandacan,Manila,Metro Manila
133912011,Barangay 843,Pandacan,Manila,Metro Manila
133912012,Barangay 844,Pandacan,Manila,Metro Manila
133912013,Barangay 845,Pandacan,Manila,Metro Manila
133912014,Barangay 846,Pandacan,Manila,Metro Manila
133912015,Barangay 847,Pandacan,Manila,Metro Manila
133912016,Barangay 848,Pandacan,Manila,Metro Manila
133912017,Barangay 849,Pandacan,Manila,Metro Manila
133912018,Barangay 850,Pandacan,Manila,Metro Manila
133912019,Barangay 851,Pandacan,Manila,Metro Manila
133912020,Barangay 852,Pandacan,Manila,Metro Manila
133912021,Barangay 853,Pandacan,Manila,Metro Manila
133912023,Barangay 855,Pandacan,Manila,Metro Manila
133912024,Barangay 856,Pandacan,Manila,Metro Manila
133912025,Barangay 857,Pandacan,Manila,Metro Manila
133912026,Barangay 858,Pandacan,Manila,Metro Manila
133912027,Barangay 859,Pandacan,Manila,Metro Manila
133912028,Barangay 860,Pandacan,Manila,Metro Manila
133912029,Barangay 861,Pandacan,Manila,Metro Manila
133912030,Barangay 862,Pandacan,Manila,Metro Manila
133912031,Barangay 863,Pandacan,Manila,Metro Manila
133912032,Barangay 864,Pandacan,Manila,Metro Manila
133912033,Barangay 865,Pandacan,Manila,Metro Manila
133912034,Barangay 867,Pandacan,Manila,Metro Manila
133912035,Barangay 868,Pandacan,Manila,Metro Manila
133912036,Barangay 870,Pandacan,Manila,Metro Manila
133912037,Barangay 871,Pandacan,Manila,Metro Manila
133912038,Barangay 872,Pandacan,Manila,Metro Manila
133912039,Barangay 869,Pandacan,Manila,Metro Manila
133913000,PORT AREA,,Manila,Metro Manila
133913001,Barangay 649,Port Area,Manila,Metro Manila
133913002,Barangay 650,Port Area,Manila,Metro Manila
133913003,Barangay 651,Port Area,Manila,Metro Manila
133913004,Barangay 652,Port Area,Manila,Metro Manila
133913005,Barangay 653,Port Area,Manila,Metro Manila
133914000,SANTA ANA,,Manila,Metro Manila
133914002,Barangay 745,Santa Ana,Manila,Metro Manila
133914003,Barangay 746,Santa Ana,Manila,Metro Manila
133914004,Barangay 747,Santa Ana,Manila,Metro Manila
133914005,Barangay 748,Santa Ana,Manila,Metro Manila
133914006,Barangay 749,Santa Ana,Manila,Metro Manila
133914007,Barangay 750,Santa Ana,Manila,Metro Manila
133914008,Barangay 751,Santa Ana,Manila,Metro Manila
133914009,Barangay 752,Santa Ana,Manila,Metro Manila
133914010,Barangay 753,Santa Ana,Manila,Metro Manila
133914011,Barangay 755,Santa Ana,Manila,Metro Manila
133914012,Barangay 756,Santa Ana,Manila,Metro Manila
133914013,Barangay 757,Santa Ana,Manila,Metro Manila
133914014,Barangay 758,Santa Ana,Manila,Metro Manila
133914015,Barangay 759,Santa Ana,Manila,Metro Manila
133914016,Barangay 760,Santa Ana,Manila,Metro Manila
133914017,Barangay 761,Santa Ana,Manila,Metro Manila
133914018,Barangay 762,Santa Ana,Manila,Metro Manila
133914019,Barangay 763,Santa Ana,Manila,Metro Manila
133914020,Barangay 764,Santa Ana,Manila,Metro Manila
133914021,Barangay 765,Santa Ana,Manila,Metro Manila
133914022,Barangay 766,Santa Ana,Manila,Metro Manila
133914023,Barangay 767,Santa Ana,Manila,Metro Manila
133914024,Barangay 768,Santa Ana,Manila,Metro Manila
133914025,Barangay 769,Santa Ana,Manila,Metro Manila
133914026,Barangay 770,Santa Ana,Manila,Metro Manila
133914027,Barangay 771,Santa Ana,Manila,Metro Manila
133914028,Barangay 772,Santa Ana,Manila,Metro Manila
133914029,Barangay 773,Santa Ana,Manila,Metro Manila
133914030,Barangay 774,Santa Ana,Manila,Metro Manila
133914031,Barangay 775,Santa Ana,Manila,Metro Manila
133914032,Barangay 776,Santa Ana,Manila,Metro Manila
133914033,Barangay 777,Santa Ana,Manila,Metro Manila
133914034,Barangay 778,Santa Ana,Manila,Metro Manila
133914035,Barangay 779,Santa Ana,Manila,Metro Manila
133914036,Barangay 780,Santa Ana,Manila,Metro Manila
133914037,Barangay 781,Santa Ana,Manila,Metro Manila
133914038,Barangay 782,Santa Ana,Manila,Metro Manila
133914039,Barangay 783,Santa Ana,Manila,Metro Manila
133914040,Barangay 784,Santa Ana,Manila,Metro Manila
133914041,Barangay 785,Santa Ana,Manila,Metro Manila
133914042,Barangay 786,Santa Ana,Manila,Metro Manila
133914043,Barangay 787,Santa Ana,Manila,Metro Manila
133914044,Barangay 788,Santa Ana,Manila,Metro Manila
133914045,Barangay 789,Santa Ana,Manila,Metro Manila
133914046,Barangay 790,Santa Ana,Manila,Metro Manila
133914047,Barangay 791,Santa Ana,Manila,Metro Manila
133914048,Barangay 792,Santa Ana,Manila,Metro Manila
133914049,Barangay 793,Santa Ana,Manila,Metro Manila
133914050,Barangay 794,Santa Ana,Manila,Metro Manila
133914051,Barangay 795,Santa Ana,Manila,Metro Manila
133914052,Barangay 796,Santa Ana,Manila,Metro Manila
133914053,Barangay 797,Santa Ana,Manila,Metro Manila
133914054,Barangay 798,Santa Ana,Manila,Metro Manila
133914055,Barangay 799,Santa Ana,Manila,Metro Manila
133914056,Barangay 800,Santa Ana,Manila,Metro Manila
133914057,Barangay 801,Santa Ana,Manila,Metro Manila
133914058,Barangay 802,Santa Ana,Manila,Metro Manila
133914059,Barangay 803,Santa Ana,Manila,Metro Manila
133914060,Barangay 804,Santa Ana,Manila,Metro Manila
133914061,Barangay 805,Santa Ana,Manila,Metro Manila
133914062,Barangay 806,Santa Ana,Manila,Metro Manila
133914063,Barangay 807,Santa Ana,Manila,Metro Manila
133914064,Barangay 866,Santa Ana,Manila,Metro Manila
133914066,Barangay 873,Santa Ana,Manila,Metro Manila
133914067,Barangay 874,Santa Ana,Manila,Metro Manila
133914068,Barangay 875,Santa Ana,Manila,Metro Manila
133914069,Barangay 876,Santa Ana,Manila,Metro Manila
133914070,Barangay 877,Santa Ana,Manila,Metro Manila
133914071,Barangay 878,Santa Ana,Manila,Metro Manila
133914072,Barangay 879,Santa Ana,Manila,Metro Manila
133914073,Barangay 880,Santa Ana,Manila,Metro Manila
133914074,Barangay 881,Santa Ana,Manila,Metro Manila
133914075,Barangay 882,Santa Ana,Manila,Metro Manila
133914076,Barangay 883,Santa Ana,Manila,Metro Manila
133914077,Barangay 884,Santa Ana,Manila,Metro Manila
133914078,Barangay 885,Santa Ana,Manila,Metro Manila
133914079,Barangay 886,Santa Ana,Manila,Metro Manila
133914080,Barangay 887,Santa Ana,Manila,Metro Manila
133914081,Barangay 888,Santa Ana,Manila,Metro Manila
133914082,Barangay 889,Santa Ana,Manila,Metro Manila
133914083,Barangay 890,Santa Ana,Manila,Metro Manila
133914084,Barangay 891,Santa Ana,Manila,Metro Manila
133914085,Barangay 892,Santa Ana,Manila,Metro Manila
133914086,Barangay 893,Santa Ana,Manila,Metro Manila
133914087,Barangay 894,Santa Ana,Manila,Metro Manila
133914088,Barangay 895,Santa Ana,Manila,Metro Manila
133914089,Barangay 896,Santa Ana,Manila,Metro Manila
133914090,Barangay 897,Santa Ana,Manila,Metro Manila
133914091,Barangay 898,Santa Ana,Manila,Metro Manila
133914092,Barangay 899,Santa Ana,Manila,Metro Manila
133914093,Barangay 900,Santa Ana,Manila,Metro Manila
133914094,Barangay 901,Santa Ana,Manila,Metro Manila
133914095,Barangay 902,Santa Ana,Manila,Metro Manila
133914096,Barangay 903,Santa Ana,Manila,Metro Manila
133914097,Barangay 904,Santa Ana,Manila,Metro Manila
133914098,Barangay 905,Santa Ana,Manila,Metro Manila
133914099,Barangay 754,Santa Ana,Manila,Metro Manila
133914100,Barangay 808,Santa Ana,Manila,Metro Manila
133914101,Barangay 818-A,Santa Ana,Manila,Metro Manila
137400000,"NCR, SECOND DISTRICT",,,
137401000,CITY OF MANDALUYONG,,,Metro Manila
137401001,Addition Hills,,Mandaluyong,Metro Manila
137401002,Bagong Silang,,Mandaluyong,Metro Manila
137401003,Barangka Drive,,Mandaluyong,Metro Manila
137401004,Barangka Ibaba,,Mandaluyong,Metro Manila
137401005,Barangka Ilaya,,Mandaluyong,Metro Manila
137401006,Barangka Itaas,,Mandaluyong,Metro Manila
137401007,Burol,,Mandaluyong,Metro Manila
137401008,Buayang Bato,,Mandaluyong,Metro Manila
137401009,Daang Bakal,,Mandaluyong,Metro Manila
137401010,Hagdang Bato Itaas,,Mandaluyong,Metro Manila
137401011,Hagdang Bato Libis,,Mandaluyong,Metro Manila
137401012,Harapin Ang Bukas,,Mandaluyong,Metro Manila
137401013,Highway Hills,,Mandaluyong,Metro Manila
137401014,Hulo,,Mandaluyong,Metro Manila
137401015,Mabini-J. Rizal,,Mandaluyong,Metro Manila
137401016,Malamig,,Mandaluyong,Metro Manila
137401017,Mauway,,Mandaluyong,Metro Manila
137401018,Namayan,,Mandaluyong,Metro Manila
137401019,New Zañiga,,Mandaluyong,Metro Manila
137401020,Old Zañiga,,Mandaluyong,Metro Manila
137401021,Pag-asa,,Mandaluyong,Metro Manila
137401022,Plainview,,Mandaluyong,Metro Manila
137401023,Pleasant Hills,,Mandaluyong,Metro Manila
137401024,Poblacion,,Mandaluyong,Metro Manila
137401025,San Jose,,Mandaluyong,Metro Manila
137401026,Vergara,,Mandaluyong,Metro Manila
137401027,Wack-wack Greenhills,,Mandaluyong,Metro Manila
137402000,CITY OF MARIKINA,,,Metro Manila
137402001,Barangka,,Marikina,Metro Manila
137402002,Calumpang,,Marikina,Metro Manila
137402003,Concepcion Uno,,Marikina,Metro Manila
137402004,Jesus De La Peña,,Marikina,Metro Manila
137402005,Malanday,,Marikina,Metro Manila
137402006,Nangka,,Marikina,Metro Manila
137402007,Parang,,Marikina,Metro Manila
137402008,San Roque,,Marikina,Metro Manila
137402009,Santa Elena (Pob.),,Marikina,Metro Manila
137402010,Santo Niño,,Marikina,Metro Manila
137402011,Tañong,,Marikina,Metro Manila
137402012,Concepcion Dos,,Marikina,Metro Manila
137402013,Marikina Heights (Concepcion),,Marikina,Metro Manila
137402014,Industrial Valley,,Marikina,Metro Manila
137402015,Fortune,,Marikina,Metro Manila
137402016,Tumana,,Marikina,Metro Manila
137403000,CITY OF PASIG,,,Metro Manila
137403001,Bagong Ilog,,Pasig,Metro Manila
137403002,Bagong Katipunan,,Pasig,Metro Manila
137403003,Bambang,,Pasig,Metro Manila
137403004,Buting,,Pasig,Metro Manila
137403005,Caniogan,,Pasig,Metro Manila
137403006,Dela Paz,,Pasig,Metro Manila
137403007,Kalawaan,,Pasig,Metro Manila
137403008,Kapasigan,,Pasig,Metro Manila
137403009,Kapitolyo,,Pasig,Metro Manila
137403010,Malinao,,Pasig,Metro Manila
137403011,Manggahan,,Pasig,Metro Manila
137403012,Maybunga,,Pasig,Metro Manila
137403013,Oranbo,,Pasig,Metro Manila
137403014,Palatiw,,Pasig,Metro Manila
137403015,Pinagbuhatan,,Pasig,Metro Manila
137403016,Pineda,,Pasig,Metro Manila
137403017,Rosario,,Pasig,Metro Manila
137403018,Sagad,,Pasig,Metro Manila
137403019,San Antonio,,Pasig,Metro Manila
137403020,San Joaquin,,Pasig,Metro Manila
137403021,San Jose,,Pasig,Metro Manila
137403022,San Miguel,,Pasig,Metro Manila
137403023,San Nicolas (Pob.),,Pasig,Metro Manila
137403024,Santa Cruz,,Pasig,Metro Manila
137403025,Santa Rosa,,Pasig,Metro Manila
137403026,Santo Tomas,,Pasig,Metro Manila
137403027,Santolan,,Pasig,Metro Manila
137403028,Sumilang,,Pasig,Metro Manila
137403029,Ugong,,Pasig,Metro Manila
137403030,Santa Lucia,,Pasig,Metro Manila
137404000,QUEZON CITY,,,Metro Manila
137404001,Alicia,,Quezon City,Metro Manila
137404002,Amihan,,Quezon City,Metro Manila
137404003,Apolonio Samson,,Quezon City,Metro Manila
137404004,Aurora,,Quezon City,Metro Manila
137404005,Baesa,,Quezon City,Metro Manila
137404006,Bagbag,,Quezon City,Metro Manila
137404007,Bagumbuhay,,Quezon City,Metro Manila
137404008,Bagong Lipunan Ng Crame,,Quezon City,Metro Manila
137404009,Bagong Pag-asa,,Quezon City,Metro Manila
137404010,Bagong Silangan,,Quezon City,Metro Manila
137404011,Bagumbayan,,Quezon City,Metro Manila
137404012,Bahay Toro,,Quezon City,Metro Manila
137404013,Balingasa,,Quezon City,Metro Manila
137404014,Bayanihan,,Quezon City,Metro Manila
137404015,Blue Ridge A,,Quezon City,Metro Manila
137404016,Blue Ridge B,,Quezon City,Metro Manila
137404017,Botocan,,Quezon City,Metro Manila
137404018,Bungad,,Quezon City,Metro Manila
137404019,Camp Aguinaldo,,Quezon City,Metro Manila
137404020,Central,,Quezon City,Metro Manila
137404021,Claro,,Quezon City,Metro Manila
137404022,Commonwealth,,Quezon City,Metro Manila
137404023,New Era (Constitution Hills),,Quezon City,Metro Manila
137404024,Kristong Hari,,Quezon City,Metro Manila
137404025,Culiat,,Quezon City,Metro Manila
137404026,Damar,,Quezon City,Metro Manila
137404027,Damayan,,Quezon City,Metro Manila
137404028,Damayang Lagi,,Quezon City,Metro Manila
137404029,Del Monte,,Quezon City,Metro Manila
137404030,Dioquino Zobel,,Quezon City,Metro Manila
137404031,Doña Imelda,,Quezon City,Metro Manila
137404032,Doña Josefa,,Quezon City,Metro Manila
137404033,Don Manuel,,Quezon City,Metro Manila
137404034,Duyan-duyan,,Quezon City,Metro Manila
137404035,E. Rodriguez,,Quezon City,Metro Manila
137404036,East Kamias,,Quezon City,Metro Manila
137404037,Escopa I,,Quezon City,Metro Manila
137404038,Escopa II,,Quezon City,Metro Manila
137404039,Escopa III,,Quezon City,Metro Manila
137404040,Escopa IV,,Quezon City,Metro Manila
137404041,Fairview,,Quezon City,Metro Manila
137404042,N.S. Amoranto (Gintong Silahis),,Quezon City,Metro Manila
137404043,Gulod,,Quezon City,Metro Manila
137404044,Horseshoe,,Quezon City,Metro Manila
137404045,Immaculate Concepcion,,Quezon City,Metro Manila
137404046,Kaligayahan,,Quezon City,Metro Manila
137404047,Kalusugan,,Quezon City,Metro Manila
137404048,Kamuning,,Quezon City,Metro Manila
137404049,Katipunan,,Quezon City,Metro Manila
137404050,Kaunlaran,,Quezon City,Metro Manila
137404051,Krus Na Ligas,,Quezon City,Metro Manila
137404052,Laging Handa,,Quezon City,Metro Manila
137404053,Libis,,Quezon City,Metro Manila
137404054,Lourdes,,Quezon City,Metro Manila
137404055,Loyola Heights,,Quezon City,Metro Manila
137404056,Maharlika,,Quezon City,Metro Manila
137404057,Malaya,,Quezon City,Metro Manila
137404058,Manresa,,Quezon City,Metro Manila
137404059,Mangga,,Quezon City,Metro Manila
137404060,Mariana,,Quezon City,Metro Manila
137404061,Mariblo,,Quezon City,Metro Manila
137404062,Marilag,,Quezon City,Metro Manila
137404063,Masagana,,Quezon City,Metro Manila
137404064,Masambong,,Quezon City,Metro Manila
137404065,Santo Domingo (Matalahib),,Quezon City,Metro Manila
137404066,Matandang Balara,,Quezon City,Metro Manila
137404067,Milagrosa,,Quezon City,Metro Manila
137404068,Nagkaisang Nayon,,Quezon City,Metro Manila
137404069,Nayong Kanluran,,Quezon City,Metro Manila
137404070,Novaliches Proper,,Quezon City,Metro Manila
137404071,Obrero,,Quezon City,Metro Manila
137404072,Old Capitol Site,,Quezon City,Metro Manila
137404073,Paang Bundok,,Quezon City,Metro Manila
137404074,Pag-ibig Sa Nayon,,Quezon City,Metro Manila
137404075,Paligsahan,,Quezon City,Metro Manila
137404076,Paltok,,Quezon City,Metro Manila
137404077,Pansol,,Quezon City,Metro Manila
137404078,Paraiso,,Quezon City,Metro Manila
137404079,Pasong Putik Proper (Pasong Putik),,Quezon City,Metro Manila
137404080,Pasong Tamo,,Quezon City,Metro Manila
137404081,Phil-Am,,Quezon City,Metro Manila
137404082,Pinyahan,,Quezon City,Metro Manila
137404083,Pinagkaisahan,,Quezon City,Metro Manila
137404084,Project 6,,Quezon City,Metro Manila
137404085,Quirino 2-A,,Quezon City,Metro Manila
137404086,Quirino 2-B,,Quezon City,Metro Manila
137404087,Quirino 2-C,,Quezon City,Metro Manila
137404088,Quirino 3-A,,Quezon City,Metro Manila
137404089,Ramon Magsaysay,,Quezon City,Metro Manila
137404090,Roxas,,Quezon City,Metro Manila
137404091,Sacred Heart,,Quezon City,Metro Manila
137404092,Saint Ignatius,,Quezon City,Metro Manila
137404093,Saint Peter,,Quezon City,Metro Manila
137404094,Salvacion,,Quezon City,Metro Manila
137404095,San Agustin,,Quezon City,Metro Manila
137404096,San Antonio,,Quezon City,Metro Manila
137404097,San Bartolome,,Quezon City,Metro Manila
137404098,San Isidro,,Quezon City,Metro Manila
137404099,San Isidro Labrador,,Quezon City,Metro Manila
137404100,San Jose,,Quezon City,Metro Manila
137404101,San Martin De Porres,,Quezon City,Metro Manila
137404102,San Roque,,Quezon City,Metro Manila
137404103,San Vicente,,Quezon City,Metro Manila
137404104,Santa Cruz,,Quezon City,Metro Manila
137404105,Santa Lucia,,Quezon City,Metro Manila
137404106,Santa Monica,,Quezon City,Metro Manila
137404107,Santa Teresita,,Quezon City,Metro Manila
137404108,Santo Cristo,,Quezon City,Metro Manila
137404109,Santo Niño,,Quezon City,Metro Manila
137404110,Santol,,Quezon City,Metro Manila
137404111,Sauyo,,Quezon City,Metro Manila
137404112,Sienna,,Quezon City,Metro Manila
137404113,Sikatuna Village,,Quezon City,Metro Manila
137404114,Silangan,,Quezon City,Metro Manila
137404115,Socorro,,Quezon City,Metro Manila
137404116,South Triangle,,Quezon City,Metro Manila
137404117,Tagumpay,,Quezon City,Metro Manila
137404118,Talayan,,Quezon City,Metro Manila
137404119,Talipapa,,Quezon City,Metro Manila
137404120,Tandang Sora,,Quezon City,Metro Manila
137404121,Tatalon,,Quezon City,Metro Manila
137404122,Teachers Village East,,Quezon City,Metro Manila
137404123,Teachers Village West,,Quezon City,Metro Manila
137404124,U.P. Campus,,Quezon City,Metro Manila
137404125,U.P. Village,,Quezon City,Metro Manila
137404126,Ugong Norte,,Quezon City,Metro Manila
137404127,Unang Sigaw,,Quezon City,Metro Manila
137404128,Valencia,,Quezon City,Metro Manila
137404129,Vasra,,Quezon City,Metro Manila
137404130,Veterans Village,,Quezon City,Metro Manila
137404131,Villa Maria Clara,,Quezon City,Metro Manila
137404132,West Kamias,,Quezon City,Metro Manila
137404133,West Triangle,,Quezon City,Metro Manila
137404134,White Plains,,Quezon City,Metro Manila
137404135,Balong Bato,,Quezon City,Metro Manila
137404136,Capri,,Quezon City,Metro Manila
137404137,Sangandaan,,Quezon City,Metro Manila
137404138,Payatas,,Quezon City,Metro Manila
137404139,Batasan Hills,,Quezon City,Metro Manila
137404140,Holy Spirit,,Quezon City,Metro Manila
137404141,Greater Lagro,,Quezon City,Metro Manila
137404142,North Fairview,,Quezon City,Metro Manila
137405000,CITY OF SAN JUAN,,Quezon City,Metro Manila
137405001,Addition Hills,,Quezon City,Metro Manila
137405002,Balong-Bato,,Quezon City,Metro Manila
137405003,Batis,,Quezon City,Metro Manila
137405004,Corazon De Jesus,,Quezon City,Metro Manila
137405005,Ermitaño,,Quezon City,Metro Manila
137405006,Halo-halo (St. Joseph),,Quezon City,Metro Manila
137405007,Isabelita,,Quezon City,Metro Manila
137405008,Kabayanan,,Quezon City,Metro Manila
137405009,Little Baguio,,Quezon City,Metro Manila
137405010,Maytunas,,Quezon City,Metro Manila
137405011,Onse,,Quezon City,Metro Manila
137405012,Pasadeña,,Quezon City,Metro Manila
137405013,Pedro Cruz,,Quezon City,Metro Manila
137405014,Progreso,,Quezon City,Metro Manila
137405015,Rivera,,Quezon City,Metro Manila
137405016,Salapan,,Quezon City,Metro Manila
137405017,San Perfecto,,Quezon City,Metro Manila
137405018,Santa Lucia,,Quezon City,Metro Manila
137405019,Tibagan,,Quezon City,Metro Manila
137405020,West Crame,,Quezon City,Metro Manila
137405021,Greenhills,,Quezon City,Metro Manila
137500000,"NCR, THIRD DISTRICT",,,Metro Manila
137501000,CITY OF CALOOCAN,,,Metro Manila
137501001,Barangay 1,,Caloocan,Metro Manila
137501002,Barangay 2,,Caloocan,Metro Manila
137501003,Barangay 3,,Caloocan,Metro Manila
137501004,Barangay 4,,Caloocan,Metro Manila
137501005,Barangay 5,,Caloocan,Metro Manila
137501006,Barangay 6,,Caloocan,Metro Manila
137501007,Barangay 7,,Caloocan,Metro Manila
137501008,Barangay 8,,Caloocan,Metro Manila
137501009,Barangay 9,,Caloocan,Metro Manila
137501010,Barangay 10,,Caloocan,Metro Manila
137501011,Barangay 11,,Caloocan,Metro Manila
137501012,Barangay 12,,Caloocan,Metro Manila
137501013,Barangay 13,,Caloocan,Metro Manila
137501014,Barangay 14,,Caloocan,Metro Manila
137501015,Barangay 15,,Caloocan,Metro Manila
137501016,Barangay 16,,Caloocan,Metro Manila
137501017,Barangay 17,,Caloocan,Metro Manila
137501018,Barangay 18,,Caloocan,Metro Manila
137501019,Barangay 19,,Caloocan,Metro Manila
137501020,Barangay 20,,Caloocan,Metro Manila
137501021,Barangay 21,,Caloocan,Metro Manila
137501022,Barangay 22,,Caloocan,Metro Manila
137501023,Barangay 23,,Caloocan,Metro Manila
137501024,Barangay 24,,Caloocan,Metro Manila
137501025,Barangay 25,,Caloocan,Metro Manila
137501026,Barangay 26,,Caloocan,Metro Manila
137501027,Barangay 27,,Caloocan,Metro Manila
137501028,Barangay 28,,Caloocan,Metro Manila
137501029,Barangay 29,,Caloocan,Metro Manila
137501030,Barangay 30,,Caloocan,Metro Manila
137501031,Barangay 31,,Caloocan,Metro Manila
137501032,Barangay 32,,Caloocan,Metro Manila
137501033,Barangay 33,,Caloocan,Metro Manila
137501034,Barangay 34,,Caloocan,Metro Manila
137501035,Barangay 35,,Caloocan,Metro Manila
137501036,Barangay 36,,Caloocan,Metro Manila
137501037,Barangay 37,,Caloocan,Metro Manila
137501038,Barangay 38,,Caloocan,Metro Manila
137501039,Barangay 39,,Caloocan,Metro Manila
137501040,Barangay 40,,Caloocan,Metro Manila
137501041,Barangay 41,,Caloocan,Metro Manila
137501042,Barangay 42,,Caloocan,Metro Manila
137501043,Barangay 43,,Caloocan,Metro Manila
137501044,Barangay 44,,Caloocan,Metro Manila
137501045,Barangay 45,,Caloocan,Metro Manila
137501046,Barangay 46,,Caloocan,Metro Manila
137501047,Barangay 47,,Caloocan,Metro Manila
137501048,Barangay 48,,Caloocan,Metro Manila
137501049,Barangay 49,,Caloocan,Metro Manila
137501050,Barangay 50,,Caloocan,Metro Manila
137501051,Barangay 51,,Caloocan,Metro Manila
137501052,Barangay 52,,Caloocan,Metro Manila
137501053,Barangay 53,,Caloocan,Metro Manila
137501054,Barangay 54,,Caloocan,Metro Manila
137501055,Barangay 55,,Caloocan,Metro Manila
137501056,Barangay 56,,Caloocan,Metro Manila
137501057,Barangay 57,,Caloocan,Metro Manila
137501058,Barangay 58,,Caloocan,Metro Manila
137501059,Barangay 59,,Caloocan,Metro Manila
137501060,Barangay 60,,Caloocan,Metro Manila
137501061,Barangay 61,,Caloocan,Metro Manila
137501062,Barangay 62,,Caloocan,Metro Manila
137501063,Barangay 63,,Caloocan,Metro Manila
137501064,Barangay 64,,Caloocan,Metro Manila
137501065,Barangay 65,,Caloocan,Metro Manila
137501066,Barangay 66,,Caloocan,Metro Manila
137501067,Barangay 67,,Caloocan,Metro Manila
137501068,Barangay 68,,Caloocan,Metro Manila
137501069,Barangay 69,,Caloocan,Metro Manila
137501070,Barangay 70,,Caloocan,Metro Manila
137501071,Barangay 71,,Caloocan,Metro Manila
137501072,Barangay 72,,Caloocan,Metro Manila
137501073,Barangay 73,,Caloocan,Metro Manila
137501074,Barangay 74,,Caloocan,Metro Manila
137501075,Barangay 75,,Caloocan,Metro Manila
137501076,Barangay 76,,Caloocan,Metro Manila
137501077,Barangay 77,,Caloocan,Metro Manila
137501078,Barangay 78,,Caloocan,Metro Manila
137501079,Barangay 79,,Caloocan,Metro Manila
137501080,Barangay 80,,Caloocan,Metro Manila
137501081,Barangay 81,,Caloocan,Metro Manila
137501082,Barangay 82,,Caloocan,Metro Manila
137501083,Barangay 83,,Caloocan,Metro Manila
137501084,Barangay 84,,Caloocan,Metro Manila
137501085,Barangay 85,,Caloocan,Metro Manila
137501086,Barangay 86,,Caloocan,Metro Manila
137501087,Barangay 87,,Caloocan,Metro Manila
137501088,Barangay 88,,Caloocan,Metro Manila
137501089,Barangay 89,,Caloocan,Metro Manila
137501090,Barangay 90,,Caloocan,Metro Manila
137501091,Barangay 91,,Caloocan,Metro Manila
137501092,Barangay 92,,Caloocan,Metro Manila
137501093,Barangay 93,,Caloocan,Metro Manila
137501094,Barangay 94,,Caloocan,Metro Manila
137501095,Barangay 95,,Caloocan,Metro Manila
137501096,Barangay 96,,Caloocan,Metro Manila
137501097,Barangay 97,,Caloocan,Metro Manila
137501098,Barangay 98,,Caloocan,Metro Manila
137501099,Barangay 99,,Caloocan,Metro Manila
137501100,Barangay 100,,Caloocan,Metro Manila
137501101,Barangay 101,,Caloocan,Metro Manila
137501102,Barangay 102,,Caloocan,Metro Manila
137501103,Barangay 103,,Caloocan,Metro Manila
137501104,Barangay 104,,Caloocan,Metro Manila
137501105,Barangay 105,,Caloocan,Metro Manila
137501106,Barangay 106,,Caloocan,Metro Manila
137501107,Barangay 107,,Caloocan,Metro Manila
137501108,Barangay 108,,Caloocan,Metro Manila
137501109,Barangay 109,,Caloocan,Metro Manila
137501110,Barangay 110,,Caloocan,Metro Manila
137501111,Barangay 111,,Caloocan,Metro Manila
137501112,Barangay 112,,Caloocan,Metro Manila
137501113,Barangay 113,,Caloocan,Metro Manila
137501114,Barangay 114,,Caloocan,Metro Manila
137501115,Barangay 115,,Caloocan,Metro Manila
137501116,Barangay 116,,Caloocan,Metro Manila
137501117,Barangay 117,,Caloocan,Metro Manila
137501118,Barangay 118,,Caloocan,Metro Manila
137501119,Barangay 119,,Caloocan,Metro Manila
137501120,Barangay 120,,Caloocan,Metro Manila
137501121,Barangay 121,,Caloocan,Metro Manila
137501122,Barangay 122,,Caloocan,Metro Manila
137501123,Barangay 123,,Caloocan,Metro Manila
137501124,Barangay 124,,Caloocan,Metro Manila
137501125,Barangay 125,,Caloocan,Metro Manila
137501126,Barangay 126,,Caloocan,Metro Manila
137501127,Barangay 127,,Caloocan,Metro Manila
137501128,Barangay 128,,Caloocan,Metro Manila
137501129,Barangay 129,,Caloocan,Metro Manila
137501130,Barangay 130,,Caloocan,Metro Manila
137501131,Barangay 131,,Caloocan,Metro Manila
137501132,Barangay 132,,Caloocan,Metro Manila
137501133,Barangay 133,,Caloocan,Metro Manila
137501134,Barangay 134,,Caloocan,Metro Manila
137501135,Barangay 135,,Caloocan,Metro Manila
137501136,Barangay 136,,Caloocan,Metro Manila
137501137,Barangay 137,,Caloocan,Metro Manila
137501138,Barangay 138,,Caloocan,Metro Manila
137501139,Barangay 139,,Caloocan,Metro Manila
137501140,Barangay 140,,Caloocan,Metro Manila
137501141,Barangay 141,,Caloocan,Metro Manila
137501142,Barangay 142,,Caloocan,Metro Manila
137501143,Barangay 143,,Caloocan,Metro Manila
137501144,Barangay 144,,Caloocan,Metro Manila
137501145,Barangay 145,,Caloocan,Metro Manila
137501146,Barangay 146,,Caloocan,Metro Manila
137501147,Barangay 147,,Caloocan,Metro Manila
137501148,Barangay 148,,Caloocan,Metro Manila
137501149,Barangay 149,,Caloocan,Metro Manila
137501150,Barangay 150,,Caloocan,Metro Manila
137501151,Barangay 151,,Caloocan,Metro Manila
137501152,Barangay 152,,Caloocan,Metro Manila
137501153,Barangay 153,,Caloocan,Metro Manila
137501154,Barangay 154,,Caloocan,Metro Manila
137501155,Barangay 155,,Caloocan,Metro Manila
137501156,Barangay 156,,Caloocan,Metro Manila
137501157,Barangay 157,,Caloocan,Metro Manila
137501158,Barangay 158,,Caloocan,Metro Manila
137501159,Barangay 159,,Caloocan,Metro Manila
137501160,Barangay 160,,Caloocan,Metro Manila
137501161,Barangay 161,,Caloocan,Metro Manila
137501162,Barangay 162,,Caloocan,Metro Manila
137501163,Barangay 163,,Caloocan,Metro Manila
137501164,Barangay 164,,Caloocan,Metro Manila
137501165,Barangay 165,,Caloocan,Metro Manila
137501166,Barangay 166,,Caloocan,Metro Manila
137501167,Barangay 167,,Caloocan,Metro Manila
137501168,Barangay 168,,Caloocan,Metro Manila
137501169,Barangay 169,,Caloocan,Metro Manila
137501170,Barangay 170,,Caloocan,Metro Manila
137501171,Barangay 171,,Caloocan,Metro Manila
137501172,Barangay 172,,Caloocan,Metro Manila
137501173,Barangay 173,,Caloocan,Metro Manila
137501174,Barangay 174,,Caloocan,Metro Manila
137501175,Barangay 175,,Caloocan,Metro Manila
137501176,Barangay 176,,Caloocan,Metro Manila
137501177,Barangay 177,,Caloocan,Metro Manila
137501178,Barangay 178,,Caloocan,Metro Manila
137501179,Barangay 179,,Caloocan,Metro Manila
137501180,Barangay 180,,Caloocan,Metro Manila
137501181,Barangay 181,,Caloocan,Metro Manila
137501182,Barangay 182,,Caloocan,Metro Manila
137501183,Barangay 183,,Caloocan,Metro Manila
137501184,Barangay 184,,Caloocan,Metro Manila
137501185,Barangay 185,,Caloocan,Metro Manila
137501186,Barangay 186,,Caloocan,Metro Manila
137501187,Barangay 187,,Caloocan,Metro Manila
137501188,Barangay 188,,Caloocan,Metro Manila
137502000,CITY OF MALABON,,,Metro Manila
137502001,Acacia,,Malabon,Metro Manila
137502002,Baritan,,Malabon,Metro Manila
137502003,Bayan-bayanan,,Malabon,Metro Manila
137502004,Catmon,,Malabon,Metro Manila
137502005,Concepcion,,Malabon,Metro Manila
137502006,Dampalit,,Malabon,Metro Manila
137502007,Flores,,Malabon,Metro Manila
137502008,Hulong Duhat,,Malabon,Metro Manila
137502009,Ibaba,,Malabon,Metro Manila
137502010,Longos,,Malabon,Metro Manila
137502011,Maysilo,,Malabon,Metro Manila
137502012,Muzon,,Malabon,Metro Manila
137502013,Niugan,,Malabon,Metro Manila
137502014,Panghulo,,Malabon,Metro Manila
137502015,Potrero,,Malabon,Metro Manila
137502016,San Agustin,,Malabon,Metro Manila
137502017,Santolan,,Malabon,Metro Manila
137502018,Tañong (Pob.),,Malabon,Metro Manila
137502019,Tinajeros,,Malabon,Metro Manila
137502020,Tonsuya,,Malabon,Metro Manila
137502021,Tugatog,,Malabon,Metro Manila
137503000,CITY OF NAVOTAS,,,Metro Manila
137503001,Sipac-Almacen,,Navotas,Metro Manila
137503002,Bagumbayan North,,Navotas,Metro Manila
137503003,Bagumbayan South,,Navotas,Metro Manila
137503004,Bangculasi,,Navotas,Metro Manila
137503005,Daanghari,,Navotas,Metro Manila
137503006,Navotas East,,Navotas,Metro Manila
137503007,Navotas West,,Navotas,Metro Manila
137503008,North Bay Boulevard North,,Navotas,Metro Manila
137503009,NBBS Kaunlaran (North Bay Boulevard South),,Navotas,Metro Manila
137503010,San Jose (Pob.),,Navotas,Metro Manila
137503011,San Rafael Village,,Navotas,Metro Manila
137503012,San Roque,,Navotas,Metro Manila
137503013,Tangos South (Tangos),,Navotas,Metro Manila
137503014,Tanza 1 (Tanza),,Navotas,Metro Manila
137503015,NBBS Dagat-dagatan (North Bay Boulevard South),,Navotas,Metro Manila
137503016,NBBS Proper (North Bay Boulevard South),,Navotas,Metro Manila
137503017,Tangos North (Tangos),,Navotas,Metro Manila
137503018,Tanza 2 (Tanza),,Navotas,Metro Manila
137504000,CITY OF VALENZUELA,,,Metro Manila
137504001,Arkong Bato,,Valenzuela,Metro Manila
137504002,Bagbaguin,,Valenzuela,Metro Manila
137504003,Balangkas,,Valenzuela,Metro Manila
137504004,Parada,,Valenzuela,Metro Manila
137504005,Bignay,,Valenzuela,Metro Manila
137504006,Bisig,,Valenzuela,Metro Manila
137504007,Canumay West (Canumay),,Valenzuela,Metro Manila
137504008,Karuhatan,,Valenzuela,Metro Manila
137504009,Coloong,,Valenzuela,Metro Manila
137504010,Dalandanan,,Valenzuela,Metro Manila
137504011,Gen. T. De Leon,,Valenzuela,Metro Manila
137504012,Isla,,Valenzuela,Metro Manila
137504013,Lawang Bato,,Valenzuela,Metro Manila
137504014,Lingunan,,Valenzuela,Metro Manila
137504015,Mabolo,,Valenzuela,Metro Manila
137504016,Malanday,,Valenzuela,Metro Manila
137504017,Malinta,,Valenzuela,Metro Manila
137504018,Mapulang Lupa,,Valenzuela,Metro Manila
137504019,Marulas,,Valenzuela,Metro Manila
137504020,Maysan,,Valenzuela,Metro Manila
137504021,Palasan,,Valenzuela,Metro Manila
137504022,Pariancillo Villa,,Valenzuela,Metro Manila
137504023,Paso De Blas,,Valenzuela,Metro Manila
137504024,Pasolo,,Valenzuela,Metro Manila
137504025,Poblacion,,Valenzuela,Metro Manila
137504026,Pulo,,Valenzuela,Metro Manila
137504027,Punturin,,Valenzuela,Metro Manila
137504028,Rincon,,Valenzuela,Metro Manila
137504029,Tagalag,,Valenzuela,Metro Manila
137504030,Ugong,,Valenzuela,Metro Manila
137504031,Viente Reales,,Valenzuela,Metro Manila
137504032,Wawang Pulo,,Valenzuela,Metro Manila
137504033,Canumay East (Canumay),,Valenzuela,Metro Manila
137600000,"NCR, FOURTH DISTRICT",,,Metro Manila
137601000,CITY OF LAS PIÑAS,,,Metro Manila
137601001,Almanza Uno,,Las Pinas,Metro Manila
137601002,Daniel Fajardo,,Las Pinas,Metro Manila
137601003,Elias Aldana,,Las Pinas,Metro Manila
137601004,Ilaya,,Las Pinas,Metro Manila
137601005,Manuyo Uno,,Las Pinas,Metro Manila
137601006,Pamplona Uno,,Las Pinas,Metro Manila
137601007,Pulang Lupa Uno,,Las Pinas,Metro Manila
137601008,Talon Uno,,Las Pinas,Metro Manila
137601009,Zapote,,Las Pinas,Metro Manila
137601010,Almanza Dos,,Las Pinas,Metro Manila
137601011,B. F. International Village,,Las Pinas,Metro Manila
137601012,Manuyo Dos,,Las Pinas,Metro Manila
137601013,Pamplona Dos,,Las Pinas,Metro Manila
137601014,Pamplona Tres,,Las Pinas,Metro Manila
137601015,Pilar,,Las Pinas,Metro Manila
137601016,Pulang Lupa Dos,,Las Pinas,Metro Manila
137601017,Talon Dos,,Las Pinas,Metro Manila
137601018,Talon Tres,,Las Pinas,Metro Manila
137601019,Talon Kuatro,,Las Pinas,Metro Manila
137601020,Talon Singko,,Las Pinas,Metro Manila
137602000,CITY OF MAKATI,,,Metro Manila
137602001,Bangkal,,Makati,Metro Manila
137602002,Bel-Air,,Makati,Metro Manila
137602003,Cembo,,Makati,Metro Manila
137602004,Comembo,,Makati,Metro Manila
137602005,Carmona,,Makati,Metro Manila
137602006,Dasmariñas,,Makati,Metro Manila
137602007,East Rembo,,Makati,Metro Manila
137602008,Forbes Park,,Makati,Metro Manila
137602009,Guadalupe Nuevo,,Makati,Metro Manila
137602010,Guadalupe Viejo,,Makati,Metro Manila
137602011,Kasilawan,,Makati,Metro Manila
137602012,La Paz,,Makati,Metro Manila
137602013,Magallanes,,Makati,Metro Manila
137602014,Olympia,,Makati,Metro Manila
137602015,Palanan,,Makati,Metro Manila
137602016,Pembo,,Makati,Metro Manila
137602017,Pinagkaisahan,,Makati,Metro Manila
137602018,Pio Del Pilar,,Makati,Metro Manila
137602019,Pitogo,,Makati,Metro Manila
137602020,Poblacion,,Makati,Metro Manila
137602021,Post Proper Northside,,Makati,Metro Manila
137602022,Post Proper Southside,,Makati,Metro Manila
137602023,San Antonio,,Makati,Metro Manila
137602024,San Isidro,,Makati,Metro Manila
137602025,San Lorenzo,,Makati,Metro Manila
137602026,Santa Cruz,,Makati,Metro Manila
137602027,Singkamas,,Makati,Metro Manila
137602028,South Cembo,,Makati,Metro Manila
137602029,Tejeros,,Makati,Metro Manila
137602030,Urdaneta,,Makati,Metro Manila
137602031,Valenzuela,,Makati,Metro Manila
137602032,West Rembo,,Makati,Metro Manila
137602033,Rizal,,Makati,Metro Manila
137603000,CITY OF MUNTINLUPA,,,Metro Manila
137603001,Alabang,,Muntinlupa,Metro Manila
137603002,Bayanan,,Muntinlupa,Metro Manila
137603003,Buli,,Muntinlupa,Metro Manila
137603004,Cupang,,Muntinlupa,Metro Manila
137603005,Poblacion,,Muntinlupa,Metro Manila
137603006,Putatan,,Muntinlupa,Metro Manila
137603007,Sucat,,Muntinlupa,Metro Manila
137603008,Tunasan,,Muntinlupa,Metro Manila
137603009,New Alabang Village,,Muntinlupa,Metro Manila
137604000,CITY OF PARAÑAQUE,,,Metro Manila
137604001,Baclaran,,Paranaque,Metro Manila
137604002,Don Galo,,Paranaque,Metro Manila
137604003,La Huerta,,Paranaque,Metro Manila
137604004,San Dionisio,,Paranaque,Metro Manila
137604005,Santo Niño,,Paranaque,Metro Manila
137604006,Tambo,,Paranaque,Metro Manila
137604007,B. F. Homes,,Paranaque,Metro Manila
137604008,Don Bosco,,Paranaque,Metro Manila
137604009,Marcelo Green Village,,Paranaque,Metro Manila
137604010,Merville,,Paranaque,Metro Manila
137604011,Moonwalk,,Paranaque,Metro Manila
137604012,San Antonio,,Paranaque,Metro Manila
137604013,San Isidro,,Paranaque,Metro Manila
137604014,San Martin De Porres,,Paranaque,Metro Manila
137604015,Sun Valley,,Paranaque,Metro Manila
137604016,Vitalez,,Paranaque,Metro Manila
137605000,PASAY CITY,,,Metro Manila
137605001,Barangay 1,,Pasay,Metro Manila
137605002,Barangay 2,,Pasay,Metro Manila
137605003,Barangay 3,,Pasay,Metro Manila
137605004,Barangay 4,,Pasay,Metro Manila
137605005,Barangay 5,,Pasay,Metro Manila
137605006,Barangay 6,,Pasay,Metro Manila
137605007,Barangay 7,,Pasay,Metro Manila
137605008,Barangay 8,,Pasay,Metro Manila
137605009,Barangay 9,,Pasay,Metro Manila
137605010,Barangay 10,,Pasay,Metro Manila
137605011,Barangay 11,,Pasay,Metro Manila
137605012,Barangay 12,,Pasay,Metro Manila
137605013,Barangay 13,,Pasay,Metro Manila
137605014,Barangay 14,,Pasay,Metro Manila
137605015,Barangay 15,,Pasay,Metro Manila
137605016,Barangay 16,,Pasay,Metro Manila
137605017,Barangay 17,,Pasay,Metro Manila
137605018,Barangay 18,,Pasay,Metro Manila
137605019,Barangay 19,,Pasay,Metro Manila
137605020,Barangay 20,,Pasay,Metro Manila
137605021,Barangay 21,,Pasay,Metro Manila
137605022,Barangay 22,,Pasay,Metro Manila
137605023,Barangay 23,,Pasay,Metro Manila
137605024,Barangay 24,,Pasay,Metro Manila
137605025,Barangay 25,,Pasay,Metro Manila
137605026,Barangay 26,,Pasay,Metro Manila
137605027,Barangay 27,,Pasay,Metro Manila
137605028,Barangay 28,,Pasay,Metro Manila
137605029,Barangay 29,,Pasay,Metro Manila
137605030,Barangay 30,,Pasay,Metro Manila
137605031,Barangay 31,,Pasay,Metro Manila
137605032,Barangay 32,,Pasay,Metro Manila
137605033,Barangay 33,,Pasay,Metro Manila
137605034,Barangay 34,,Pasay,Metro Manila
137605035,Barangay 35,,Pasay,Metro Manila
137605036,Barangay 36,,Pasay,Metro Manila
137605037,Barangay 37,,Pasay,Metro Manila
137605038,Barangay 38,,Pasay,Metro Manila
137605039,Barangay 39,,Pasay,Metro Manila
137605040,Barangay 40,,Pasay,Metro Manila
137605041,Barangay 41,,Pasay,Metro Manila
137605042,Barangay 42,,Pasay,Metro Manila
137605043,Barangay 43,,Pasay,Metro Manila
137605044,Barangay 44,,Pasay,Metro Manila
137605045,Barangay 45,,Pasay,Metro Manila
137605046,Barangay 46,,Pasay,Metro Manila
137605047,Barangay 47,,Pasay,Metro Manila
137605048,Barangay 48,,Pasay,Metro Manila
137605049,Barangay 49,,Pasay,Metro Manila
137605050,Barangay 50,,Pasay,Metro Manila
137605051,Barangay 51,,Pasay,Metro Manila
137605052,Barangay 52,,Pasay,Metro Manila
137605053,Barangay 53,,Pasay,Metro Manila
137605054,Barangay 54,,Pasay,Metro Manila
137605055,Barangay 55,,Pasay,Metro Manila
137605056,Barangay 56,,Pasay,Metro Manila
137605057,Barangay 57,,Pasay,Metro Manila
137605058,Barangay 58,,Pasay,Metro Manila
137605059,Barangay 59,,Pasay,Metro Manila
137605060,Barangay 60,,Pasay,Metro Manila
137605061,Barangay 61,,Pasay,Metro Manila
137605062,Barangay 62,,Pasay,Metro Manila
137605063,Barangay 63,,Pasay,Metro Manila
137605064,Barangay 64,,Pasay,Metro Manila
137605065,Barangay 65,,Pasay,Metro Manila
137605066,Barangay 66,,Pasay,Metro Manila
137605067,Barangay 67,,Pasay,Metro Manila
137605068,Barangay 68,,Pasay,Metro Manila
137605069,Barangay 69,,Pasay,Metro Manila
137605070,Barangay 70,,Pasay,Metro Manila
137605071,Barangay 71,,Pasay,Metro Manila
137605072,Barangay 72,,Pasay,Metro Manila
137605073,Barangay 73,,Pasay,Metro Manila
137605074,Barangay 74,,Pasay,Metro Manila
137605075,Barangay 75,,Pasay,Metro Manila
137605076,Barangay 76,,Pasay,Metro Manila
137605077,Barangay 77,,Pasay,Metro Manila
137605078,Barangay 78,,Pasay,Metro Manila
137605079,Barangay 79,,Pasay,Metro Manila
137605080,Barangay 80,,Pasay,Metro Manila
137605081,Barangay 81,,Pasay,Metro Manila
137605082,Barangay 82,,Pasay,Metro Manila
137605083,Barangay 83,,Pasay,Metro Manila
137605084,Barangay 84,,Pasay,Metro Manila
137605085,Barangay 85,,Pasay,Metro Manila
137605086,Barangay 86,,Pasay,Metro Manila
137605087,Barangay 87,,Pasay,Metro Manila
137605088,Barangay 88,,Pasay,Metro Manila
137605089,Barangay 89,,Pasay,Metro Manila
137605090,Barangay 90,,Pasay,Metro Manila
137605091,Barangay 91,,Pasay,Metro Manila
137605092,Barangay 92,,Pasay,Metro Manila
137605093,Barangay 93,,Pasay,Metro Manila
137605094,Barangay 94,,Pasay,Metro Manila
137605095,Barangay 95,,Pasay,Metro Manila
137605096,Barangay 96,,Pasay,Metro Manila
137605097,Barangay 97,,Pasay,Metro Manila
137605098,Barangay 98,,Pasay,Metro Manila
137605099,Barangay 99,,Pasay,Metro Manila
137605100,Barangay 100,,Pasay,Metro Manila
137605101,Barangay 101,,Pasay,Metro Manila
137605102,Barangay 102,,Pasay,Metro Manila
137605103,Barangay 103,,Pasay,Metro Manila
137605104,Barangay 104,,Pasay,Metro Manila
137605105,Barangay 105,,Pasay,Metro Manila
137605106,Barangay 106,,Pasay,Metro Manila
137605107,Barangay 107,,Pasay,Metro Manila
137605108,Barangay 108,,Pasay,Metro Manila
137605109,Barangay 109,,Pasay,Metro Manila
137605110,Barangay 110,,Pasay,Metro Manila
137605111,Barangay 111,,Pasay,Metro Manila
137605112,Barangay 112,,Pasay,Metro Manila
137605113,Barangay 113,,Pasay,Metro Manila
137605114,Barangay 114,,Pasay,Metro Manila
137605115,Barangay 115,,Pasay,Metro Manila
137605116,Barangay 116,,Pasay,Metro Manila
137605117,Barangay 117,,Pasay,Metro Manila
137605118,Barangay 118,,Pasay,Metro Manila
137605119,Barangay 119,,Pasay,Metro Manila
137605120,Barangay 120,,Pasay,Metro Manila
137605121,Barangay 121,,Pasay,Metro Manila
137605122,Barangay 122,,Pasay,Metro Manila
137605123,Barangay 123,,Pasay,Metro Manila
137605124,Barangay 124,,Pasay,Metro Manila
137605125,Barangay 125,,Pasay,Metro Manila
137605126,Barangay 126,,Pasay,Metro Manila
137605127,Barangay 127,,Pasay,Metro Manila
137605128,Barangay 128,,Pasay,Metro Manila
137605129,Barangay 129,,Pasay,Metro Manila
137605130,Barangay 130,,Pasay,Metro Manila
137605131,Barangay 131,,Pasay,Metro Manila
137605132,Barangay 132,,Pasay,Metro Manila
137605133,Barangay 133,,Pasay,Metro Manila
137605134,Barangay 134,,Pasay,Metro Manila
137605135,Barangay 135,,Pasay,Metro Manila
137605136,Barangay 136,,Pasay,Metro Manila
137605137,Barangay 137,,Pasay,Metro Manila
137605138,Barangay 138,,Pasay,Metro Manila
137605139,Barangay 139,,Pasay,Metro Manila
137605140,Barangay 140,,Pasay,Metro Manila
137605141,Barangay 141,,Pasay,Metro Manila
137605142,Barangay 142,,Pasay,Metro Manila
137605143,Barangay 143,,Pasay,Metro Manila
137605144,Barangay 144,,Pasay,Metro Manila
137605145,Barangay 145,,Pasay,Metro Manila
137605146,Barangay 146,,Pasay,Metro Manila
137605147,Barangay 147,,Pasay,Metro Manila
137605148,Barangay 148,,Pasay,Metro Manila
137605149,Barangay 149,,Pasay,Metro Manila
137605150,Barangay 150,,Pasay,Metro Manila
137605151,Barangay 151,,Pasay,Metro Manila
137605152,Barangay 152,,Pasay,Metro Manila
137605153,Barangay 153,,Pasay,Metro Manila
137605154,Barangay 154,,Pasay,Metro Manila
137605155,Barangay 155,,Pasay,Metro Manila
137605156,Barangay 156,,Pasay,Metro Manila
137605157,Barangay 157,,Pasay,Metro Manila
137605158,Barangay 158,,Pasay,Metro Manila
137605159,Barangay 159,,Pasay,Metro Manila
137605160,Barangay 160,,Pasay,Metro Manila
137605161,Barangay 161,,Pasay,Metro Manila
137605162,Barangay 162,,Pasay,Metro Manila
137605163,Barangay 163,,Pasay,Metro Manila
137605164,Barangay 164,,Pasay,Metro Manila
137605165,Barangay 165,,Pasay,Metro Manila
137605166,Barangay 166,,Pasay,Metro Manila
137605167,Barangay 167,,Pasay,Metro Manila
137605168,Barangay 168,,Pasay,Metro Manila
137605169,Barangay 169,,Pasay,Metro Manila
137605170,Barangay 170,,Pasay,Metro Manila
137605171,Barangay 171,,Pasay,Metro Manila
137605172,Barangay 172,,Pasay,Metro Manila
137605173,Barangay 173,,Pasay,Metro Manila
137605174,Barangay 174,,Pasay,Metro Manila
137605175,Barangay 175,,Pasay,Metro Manila
137605176,Barangay 176,,Pasay,Metro Manila
137605177,Barangay 177,,Pasay,Metro Manila
137605178,Barangay 178,,Pasay,Metro Manila
137605179,Barangay 179,,Pasay,Metro Manila
137605180,Barangay 180,,Pasay,Metro Manila
137605181,Barangay 181,,Pasay,Metro Manila
137605182,Barangay 182,,Pasay,Metro Manila
137605183,Barangay 183,,Pasay,Metro Manila
137605184,Barangay 184,,Pasay,Metro Manila
137605185,Barangay 185,,Pasay,Metro Manila
137605186,Barangay 186,,Pasay,Metro Manila
137605187,Barangay 187,,Pasay,Metro Manila
137605188,Barangay 188,,Pasay,Metro Manila
137605189,Barangay 189,,Pasay,Metro Manila
137605190,Barangay 190,,Pasay,Metro Manila
137605191,Barangay 191,,Pasay,Metro Manila
137605192,Barangay 192,,Pasay,Metro Manila
137605193,Barangay 193,,Pasay,Metro Manila
137605194,Barangay 194,,Pasay,Metro Manila
137605195,Barangay 195,,Pasay,Metro Manila
137605196,Barangay 196,,Pasay,Metro Manila
137605197,Barangay 197,,Pasay,Metro Manila
137605198,Barangay 198,,Pasay,Metro Manila
137605199,Barangay 199,,Pasay,Metro Manila
137605200,Barangay 200,,Pasay,Metro Manila
137605201,Barangay 201,,Pasay,Metro Manila
137606000,PATEROS,,,Metro Manila
137606001,Aguho,,Pateros,Metro Manila
137606002,Magtanggol,,Pateros,Metro Manila
137606003,Martires Del 96,,Pateros,Metro Manila
137606004,Poblacion,,Pateros,Metro Manila
137606005,San Pedro,,Pateros,Metro Manila
137606006,San Roque,,Pateros,Metro Manila
137606007,Santa Ana,,Pateros,Metro Manila
137606008,Santo Rosario-Kanluran,,Pateros,Metro Manila
137606009,Santo Rosario-Silangan,,Pateros,Metro Manila
137606010,Tabacalera,,Pateros,Metro Manila
137607000,CITY OF TAGUIG,,,Metro Manila
137607001,Tanyag (Bagong Tanyag),,Taguig,Metro Manila
137607002,Bagumbayan,,Taguig,Metro Manila
137607003,Bambang,,Taguig,Metro Manila
137607004,Calzada,,Taguig,Metro Manila
137607005,Hagonoy,,Taguig,Metro Manila
137607006,Ibayo-Tipas,,Taguig,Metro Manila
137607007,Ligid-Tipas,,Taguig,Metro Manila
137607008,Lower Bicutan,,Taguig,Metro Manila
137607009,Maharlika Village,,Taguig,Metro Manila
137607010,Napindan,,Taguig,Metro Manila
137607011,Palingon,,Taguig,Metro Manila
137607012,Santa Ana,,Taguig,Metro Manila
137607013,Central Signal Village (Signal Village),,Taguig,Metro Manila
137607014,Tuktukan,,Taguig,Metro Manila
137607015,Upper Bicutan,,Taguig,Metro Manila
137607016,Ususan,,Taguig,Metro Manila
137607017,Wawa,,Taguig,Metro Manila
137607018,Western Bicutan,,Taguig,Metro Manila
137607019,Central Bicutan,,Taguig,Metro Manila
137607020,Fort Bonifacio,,Taguig,Metro Manila
137607021,Katuparan,,Taguig,Metro Manila
137607022,New Lower Bicutan,,Taguig,Metro Manila
137607023,North Daang Hari,,Taguig,Metro Manila
137607024,North Signal Village,,Taguig,Metro Manila
137607025,Pinagsama,,Taguig,Metro Manila
137607026,San Miguel,,Taguig,Metro Manila
137607027,South Daang Hari,,Taguig,Metro Manila
137607028,South Signal Village,,Taguig,Metro Manila
